489,80.01246299,0
489.1,80.01245828,0
489.2,80.01245362,0
489.3,80.01244902,0
489.4,80.01244444,0
489.5,80.01243983,0
489.6,80.01243517,0
489.7,80.01243046,0
489.8,80.01242575,0
489.9,80.01242108,0
490,80.01241646,0
490.1,80.01241188,0
490.2,80.01240728,0
490.3,80.01240263,0
490.4,80.01239794,0
490.5,80.01239323,0
490.6,80.01238854,0
490.7,80.01238391,0
490.8,80.01237932,0
490.9,80.01237473,0
491,80.01237009,0
491.1,80.01236541,0
491.2,80.0123607,0
491.3,80.01235601,0
491.4,80.01235137,0
491.5,80.01234677,0
491.6,80.01234217,0
491.7,80.01233755,0
491.8,80.01233288,0
491.9,80.01232818,0
492,80.01232348,0
492.1,80.01231883,0
492.2,80.01231422,0
492.3,80.01230962,0
492.4,80.012305,0
492.5,80.01230034,0
492.6,80.01229565,0
492.7,80.01229095,0
492.8,80.01228629,0
492.9,80.01228167,0
493,80.01227707,0
493.1,80.01227245,0
493.2,80.0122678,0
493.3,80.01226312,0
493.4,80.01225842,0
493.5,80.01225375,0
493.6,80.01224912,0
493.7,80.01224451,0
493.8,80.0122399,0
493.9,80.01223526,0
494,80.01223059,0
494.1,80.01222589,0
494.2,80.01222122,0
494.3,80.01221657,0
494.4,80.01221196,0
494.5,80.01220735,0
494.6,80.01220272,0
494.7,80.01219805,0
494.8,80.01219336,0
494.9,80.01218868,0
495,80.01218403,0
495.1,80.01217941,0
495.2,80.0121748,0
495.3,80.01217018,0
495.4,80.01216552,0
495.5,80.01216083,0
495.6,80.01215615,0
495.7,80.01215149,0
495.8,80.01214686,0
495.9,80.01214225,0
496,80.01213763,0
496.1,80.01213298,0
496.2,80.0121283,0
496.3,80.01212362,0
496.4,80.01211895,0
496.5,80.01211432,0
496.6,80.0121097,0
496.7,80.01210508,0
496.8,80.01210044,0
496.9,80.01209577,0
497,80.01209109,0
497.1,80.01208642,0
497.2,80.01208177,0
497.3,80.01207715,0
497.4,80.01207253,0
497.5,80.0120679,0
497.6,80.01206323,0
497.7,80.01205855,0
497.8,80.01205388,0
497.9,80.01204923,0
498,80.01204461,0
498.1,80.01203999,0
498.2,80.01203535,0
498.3,80.0120307,0
498.4,80.01202602,0
498.5,80.01202135,0
498.6,80.01201669,0
498.7,80.01201206,0
498.8,80.01200744,0
498.9,80.01200281,0
499,80.01199816,0
499.1,80.01199349,0
499.2,80.01198881,0
499.3,80.01198415,0
499.4,80.01197951,0
499.5,80.01197489,0
499.6,80.01197026,0
499.7,80.01196562,0
499.8,80.01196095,0
499.9,80.01195628,0
500,80.01195162,50000
500,80.01195162,50000
500,80.01195162,50000
500.1,80.0093785,50000
500.2,80.00635351,50000
500.3,80.00491699,50000
500.4,80.00591929,50000
500.5,80.00844916,50000
500.6,80.01050698,50000
500.7,80.01042694,50000
500.8,80.00803781,50000
500.9,80.00475439,50000
501,80.00255653,50000
501.1,80.00259229,50000
501.2,80.0043908,50000
501.3,80.00622422,50000
501.4,80.00634277,50000
501.5,80.00420116,50000
501.6,80.00081756,50000
501.7,79.99803072,50000
501.8,79.99719687,50000
501.9,79.99824996,50000
502,79.99977613,50000
502.1,80.00003066,50000
502.2,79.99816672,50000
502.3,79.99481142,50000
502.4,79.99159848,50000
502.5,79.99000499,50000
502.6,79.99032059,50000
502.7,79.99146823,50000
502.8,79.99178553,50000
502.9,79.99020077,50000
503,79.98697235,50000
503.1,79.9834824,50000
503.2,79.98124737,50000
503.3,79.98085392,50000
503.4,79.98156662,50000
503.5,79.98186912,50000
503.6,79.98054163,50000
503.7,79.97750978,50000
503.8,79.97387474,50000
503.9,79.97111958,50000
504,79.97006359,50000
504.1,79.97030187,50000
504.2,79.97051306,50000
504.3,79.96940288,50000
504.4,79.96661033,50000
504.5,79.96294263,50000
504.6,79.95978751,50000
504.7,79.95813042,50000
504.8,79.95787256,50000
504.9,79.95792152,50000
505,79.95697595,50000
505.1,79.95444122,50000
505.2,79.95083239,50000
505.3,79.94739219,50000
505.4,79.94520682,50000
505.5,79.94444864,50000
505.6,79.94427356,50000
505.7,79.94343217,50000
505.8,79.9411529,50000
505.9,79.93767324,50000
506,79.93405405,50000
506.1,79.93142085,50000
506.2,79.93017459,50000
506.3,79.92972526,50000
506.4,79.92892456,50000
506.5,79.92688118,50000
506.6,79.92358017,50000
506.7,79.91987657,50000
506.8,79.9168799,50000
506.9,79.91517239,50000
507,79.91441179,50000
507.1,79.9135892,50000
507.2,79.91174881,50000
507.3,79.90865639,50000
507.4,79.90494946,50000
507.5,79.90167404,50000
507.6,79.89954435,50000
507.7,79.8984493,50000
507.8,79.89754655,50000
507.9,79.89586679,50000
508,79.89299518,50000
508.1,79.88935125,50000
508.2,79.88587899,50000
508.3,79.88337573,50000
508.4,79.88193679,50000
508.5,79.88090257,50000
508.6,79.8793353,50000
508.7,79.87668133,50000
508.8,79.87315151,50000
508.9,79.86955876,50000
509,79.86673723,50000
509.1,79.86495785,50000
509.2,79.86374973,50000
509.3,79.86224447,50000
509.4,79.85979221,50000
509.5,79.85641254,50000
509.6,79.8527679,50000
509.7,79.84968726,50000
509.8,79.84758247,50000
509.9,79.84616811,50000
510,79.84467504,0
510,79.84467504,0
510,79.84467504,0
510.1,79.84496704,0
510.2,79.84477963,0
510.3,79.84257418,0
510.4,79.83828777,0
510.5,79.83334788,0
510.6,79.8296431,0
510.7,79.82819095,0
510.8,79.82844171,0
510.9,79.82869333,0
511,79.82730524,0
511.1,79.82384547,0
511.2,79.81936903,0
511.3,79.81564963,0
511.4,79.813923,0
511.5,79.81403152,0
511.6,79.81456119,0
511.7,79.81385585,0
511.8,79.81118121,0
511.9,79.80722059,0
512,79.80356834,0
512.1,79.8015951,0
512.2,79.80149189,0
512.3,79.80215885,0
512.4,79.80200018,0
512.5,79.80005092,0
512.6,79.79663995,0
512.7,79.79313412,0
512.8,79.79096038,0
512.9,79.79060497,0
513,79.79129083,0
513.1,79.79154603,0
513.2,79.79024767,0
513.3,79.7874011,0
513.4,79.78411385,0
513.5,79.78179816,0
513.6,79.78117578,0
513.7,79.78178563,0
513.8,79.78232938,0
513.9,79.78159668,0
514,79.77931071,0
514.1,79.77630351,0
514.2,79.77391147,0
514.3,79.77302925,0
514.4,79.77349166,0
514.5,79.77420964,0
514.6,79.77395067,0
514.7,79.77220437,0
514.8,79.76952562,0
514.9,79.76712494,
515,79.76600773,
515.1,79.76627395,
515.2,79.76706552,
515.3,79.76718562,
515.4,79.76594317,
515.5,79.76362673,
515.6,79.76128305,
515.7,79.75996911,
515.8,79.76001144,
515.9,79.76079151,
516,79.76119706,
516.1,79.76041041,
516.2,79.75847514,
516.3,79.75624858,
516.4,79.75478537,
516.5,79.75459489,
516.6,79.75529497,
507.8,79.89754655,
507.9,79.89586679,
508,79.89299518,
508.1,79.88935125,
508.2,79.88587899,
508.3,79.88337573,
508.4,79.88193679,
508.5,79.88090257,
508.6,79.8793353,
508.7,79.87668133,
508.8,79.87315151,
508.9,79.86955876,
509,79.86673723,
509.1,79.86495785,
509.2,79.86374973,
509.3,79.86224447,
509.4,79.85979221,
509.5,79.85641254,
509.6,79.8527679,
509.7,79.84968726,
509.8,79.84758247,
509.9,79.84616811,
510,79.84467504,
510.1,79.84239857,
510.2,79.8391908,
510.3,79.83555345,
510.4,79.83227398,0
510.5,79.82986863,
510.6,79.82822634,
510.7,79.82669882,
510.8,79.82456509,
510.9,79.82153792,
511,79.8179566,
511.1,79.81453722,
511.2,79.81186395,
511.3,79.80998264,
511.4,79.80837923,
511.5,79.80635078,
511.6,79.80350149,
511.7,79.80001395,
511.8,79.7965101,
511.9,79.79360721,
512,79.7914858,
512.1,79.78977176,
512.2,79.78780926,
512.3,79.78512556,
512.4,79.78175859,
512.5,79.77822046,
512.6,79.77512974,
512.7,79.77277621,
512.8,79.77092443,
512.9,79.76898892,
513,79.76645102,
513.1,79.7632209,
513.2,79.75969214,
513.3,79.75645677,
513.4,79.75388687,
513.5,79.75187834,
513.6,79.74993314,
513.7,79.74751578,
513.8,79.74442913,
513.9,79.7409459,
514,79.73760858,
514.1,79.73484432,
514.2,79.73266813,
514.3,79.7306804,
514.4,79.72835491,
514.5,79.72540982,
514.6,79.72200036,
514.7,79.71860161,
514.8,79.71566966,
514.9,79.7133226,
515,79.71126447,
515.1,79.70900062,
515.2,79.70618801,
515.3,79.70287254,
515.4,79.69944936,
515.5,79.69637939,
515.6,79.69386529,
515.7,79.69171462,
515.8,79.68948233,
515.9,79.68678738,
516,79.68357838,
516.1,79.68016317,
516.2,79.67698629,
516.3,79.67431505,
516.4,79.6720558,
516.5,79.6698266,
516.6,79.66723032,
516.7,79.66413307,
516.8,79.66075289,
516.9,79.6575002,
517,79.65468668,
517.1,79.65230897,
517.2,79.65005716,
517.3,79.64753785,
517.4,79.64455126,
517.5,79.64122742,
517.6,79.63792869,
517.7,79.63499153,
517.8,79.63249136,
517.9,79.63019492,
518,79.62772959,
518.1,79.62484712,
518.2,79.62159507,
518.3,79.61827772,
518.4,79.61523807,
518.5,79.61261686,
518.6,79.610258,
518.7,79.60782366,
518.8,79.60503444,
518.9,79.60186387,
519,79.59855208,
519.1,79.59543245,
519.2,79.59269633,
519.3,79.59026186,
519.4,79.58783661,
519.5,79.58512649,
519.6,79.58204176,
519.7,79.5787559,
519.8,79.57557902,
519.9,79.57273803,
520,79.57021939,
520.1,79.56778331,
520.2,79.56513604,
520.3,79.5621367,
520.4,79.55889296,
520.5,79.55568079,
520.6,79.55274797,
520.7,79.55014111,
520.8,79.54767694,
520.9,79.54507519,
521,79.54215669,
521.1,79.53896694,
521.2,79.53573987,
521.3,79.53273034,
521.4,79.53003531,
521.5,79.52752898,
521.6,79.52495528,
521.7,79.52210972,
521.8,79.5189816,
521.9,79.51575774,
522,79.51268784,
522.1,79.50990835,
522.2,79.50734918,
522.3,79.50478679,
522.4,79.50200376,
522.5,79.4989409,
522.6,79.49573566,
522.7,79.49262203,
522.8,79.48976483,
522.9,79.48714563,
523,79.48457924,
523.1,79.48184664,
523.2,79.47884906,
523.3,79.47567478,
523.4,79.47253368,
523.5,79.46960792,
523.6,79.46692489,
523.7,79.4643411,
523.8,79.46164594,
523.9,79.45871054,
524,79.4555764,
524.1,79.45242302,
524.2,79.44943953,
524.3,79.44669204,
524.4,79.44407977,
524.5,79.44140887,
524.6,79.43853,
524.7,79.43544204,
524.8,79.43229,
524.9,79.42926062,
525,79.42645082,
525.1,79.42380155,
525.2,79.42114219,
525.3,79.41831225,
525.4,79.41527351,
525.5,79.41213446,
525.6,79.40907144,
525.7,79.40620386,
525.8,79.40351166,
525.9,79.40085211,
526,79.39806214,
526.1,79.39507295,
526.2,79.39195635,
526.3,79.38887172,
526.4,79.38595275,
526.5,79.38321425,
526.6,79.38054417,
526.7,79.37778449,
526.8,79.37484281,
526.9,79.37175577,
527,79.36866088,
527.1,79.36569828,
527.2,79.36291253,
527.3,79.36022327,
527.4,79.35748398,
527.5,79.3545858,
527.6,79.35153311,
527.7,79.34843821,
527.8,79.3454406,
527.9,79.34260876,
528,79.33989357,
528.1,79.33716503,
528.2,79.33430484,
528.3,79.33128905,
528.4,79.32820298,
528.5,79.32517936,
528.6,79.32230443,
528.7,79.3195585,
528.8,79.31683177,
528.9,79.31400299,
529,79.3110246,
529.1,79.3079546,
529.2,79.30491389,
529.3,79.30200035,
529.4,79.29922079,
529.5,79.29648793,
529.6,79.29368335,
529.7,79.29074106,
529.8,79.28769267,
529.9,79.28464334,
530,79.28169675,
530.1,79.27888248,
530.2,79.27613678,
530.3,79.273349,
530.4,79.27044001,
530.5,79.26741701,
530.6,79.26436679,
530.7,79.26139341,
530.8,79.258545,
530.9,79.25578114,
531,79.2530029,
531.1,79.25012324,
531.2,79.24712776,
531.3,79.24408336,
531.4,79.24108981,
531.5,79.23820922,
531.6,79.23542334,
531.7,79.23264783,
531.8,79.22979267,
531.9,79.2268253,
532,79.22379228,
532.1,79.22078517,
532.2,79.21787553,
532.3,79.21506519,
532.4,79.21228634,
532.5,79.20945036,
532.6,79.20651031,
532.7,79.20349296,
532.8,79.20047864,
532.9,79.19754391,
533,79.19470806,
533.1,79.19192068,
533.2,79.18909835,
533.3,79.18618368,
533.4,79.18318501,
533.5,79.18016929,
533.6,79.17721404,
533.7,79.17435287,
533.8,79.1715528,
533.9,79.16873865,
534,79.16584652,
534.1,79.16286829,
534.2,79.15985627,
534.3,79.15688535,
534.4,79.15400013,
534.5,79.15118429,
534.6,79.14837318,
534.7,79.14550007,
534.8,79.14254288,
534.9,79.13953883,
535,79.13655715,
535.1,79.13365004,
535.2,79.13081641,
535.3,79.1280037,
535.4,79.12514568,
535.5,79.1222091,
535.6,79.11921634,
535.7,79.11622864,
535.8,79.11330248,
535.9,79.1104501,
536,79.10763179,
536.1,79.10478474,
536.2,79.10186744,
536.3,79.09888836,
536.4,79.09589904,
536.5,79.09295713,
536.6,79.09008597,
536.7,79.08725882,
536.8,79.08441865,
536.9,79.0815186,
537,79.07855465,
537.1,79.07556756,
537.2,79.07261349,
537.3,79.06972434,
537.4,79.06688591,
537.5,79.06404872,
537.6,79.06116338,
537.7,79.05821513,
537.8,79.05523355,
537.9,79.05227095,
538,79.0493653,
538.1,79.04651394,
538.2,79.04367621,
538.3,79.04080268,
538.4,79.03786992,
538.5,79.03489643,
538.6,79.03192885,
538.7,79.02900873,
538.8,79.02614358,
538.9,79.02330224,
539,79.02043746,
539.1,79.01751931,
539.2,79.01455579,
539.3,79.01158652,
539.4,79.00865433,
539.5,79.00577525,
539.6,79.00292777,
539.7,79.00006868,
539.8,78.9971637,
539.9,78.99421135,
540,78.99124333,
540.1,78.98830169,
540.2,78.98540916,
540.3,78.98255363,
540.4,78.97969729,
540.5,78.97680364,
540.6,78.97386297,
540.7,78.97089871,
540.8,78.96795032,
540.9,78.96504536,
541,78.96218044,
541.1,78.95932418,
541.2,78.95643972,
541.3,78.95351068,
541.4,78.95055218,
541.5,78.94759968,
541.6,78.94468373,
541.7,78.94180868,
541.8,78.93895014,
541.9,78.93607263,
542,78.93315462,
542.1,78.93020336,
542.2,78.92724924,
542.3,78.92432404,
542.4,78.92143866,
542.5,78.91857589,
542.6,78.91570302,
542.7,78.91279504,
542.8,78.90985199,
542.9,78.90689849,
543,78.90396595,
543.1,78.90107051,
543.2,78.89820201,
543.3,78.89533158,
543.4,78.8924323,
543.5,78.88949793,
543.6,78.88654695,
543.7,78.88360908,
543.8,78.88070428,
543.9,78.87782897,
544,78.87495895,
544.1,78.87206681,
544.2,78.86914114,
544.3,78.86619423,
544.4,78.863253,
544.5,78.86033986,
544.6,78.85745711,
544.7,78.85458571,
544.8,78.85169904,
544.9,78.84878169,
545,78.84584002,
545.1,78.8428973,
545.2,78.83997707,
545.3,78.83708666,
545.4,78.83421237,
545.5,78.83132946,
545.6,78.82841973,
545.7,78.82548409,
545.8,78.82254157,
545.9,78.81961566,
546,78.81671774,
546.1,78.81383937,
546.2,78.81095857,
546.3,78.8080555,
546.4,78.80512628,
546.5,78.80218543,
546.6,78.79925532,
546.7,78.79635035,
546.8,78.79346705,
546.9,78.79058683,
547,78.78768929,
547.1,78.78476656,
547.2,78.78182858,
547.3,78.77889573,
547.4,78.77598443,
547.5,78.77309568,
547.6,78.77021465,
547.7,78.76732141,
547.8,78.76440495,
547.9,78.76147074,
548,78.75853656,
548.1,78.75561984,
548.2,78.75272542,
548.3,78.74984243,
548.4,78.74695221,
548.5,78.74404153,
548.6,78.74111172,
548.7,78.73817751,
548.8,78.73525639,
548.9,78.73235636,
549,78.72947049,
549.1,78.72658205,
549.2,78.72367646,
549.3,78.72075141,
549.4,78.71781826,
549.5,78.71489384,
549.6,78.71198851,
549.7,78.70909908,
549.8,78.70621127,
549.9,78.70330994,
550,78.70038973,
550,78.70038973,
550,78.70038973,
550.1,78.70002706,
550.2,78.70012079,
550.3,78.69864255,
550.4,78.69474219,
550.5,78.68931942,
550.6,78.68435897,
550.7,78.68151883,
550.8,78.68097487,
550.9,78.68132588,
551,78.68060484,
551.1,78.67766683,
551.2,78.67297411,
551.3,78.66824048,
551.4,78.66520612,
551.5,78.66441786,
551.6,78.66486885,
551.7,78.6647334,
551.8,78.66266081,
551.9,78.65871149,
552,78.65428659,
552.1,78.65112014,
552.2,78.65005772,
552.3,78.65048107,
552.4,78.65076912,
552.5,78.64945219,
552.6,78.6462378,
552.7,78.64219205,
552.8,78.63896612,
552.9,78.63762812,
553,78.63792596,
553.1,78.63848925,
553.2,78.63781023,
553.3,78.63530197,
553.4,78.63169098,
553.5,78.62848248,
553.6,78.62689072,
553.7,78.62699394,
553.8,78.62770132,
553.9,78.62753927,
554,78.62569045,
554.1,78.62255302,
554.2,78.61943775,
554.3,78.61763198,
554.4,78.61749824,
554.5,78.61823803,
554.6,78.61847331,
554.7,78.61722249,
554.8,78.61457977,
554.9,78.61162795,
555,78.60966054,
555.1,78.60927156,
555.2,78.60995287,
555.3,78.6104712,
555.4,78.60974567,
555.5,78.60760143,
555.6,78.60487423,
555.7,78.60280515,
555.8,78.60216339,
555.9,78.60271648,
556,78.60341238,
556.1,78.60313193,
556.2,78.60147364,
556.3,78.59902065,
556.4,78.59691293,
556.5,78.59603791,
556.6,78.59641372,
556.7,78.5971932,
556.8,78.59727381,
556.9,78.5960745,
557,78.59393221,
557.1,78.5918479,
557.2,78.59077239,
557.3,78.5909413,
557.4,78.59172384,
557.5,78.59208118,
557.6,78.59130173,
557.7,78.5894929,
557.8,78.58748975,
557.9,78.58625586,
558,78.58620586,
558.1,78.58692561,
558.2,78.5874782,
558.3,78.58707009,
558.4,78.58560384,
558.5,78.58373267,
558.6,78.58238822,
558.7,78.58212256,
558.8,78.58272884,
558.9,78.58340079,
559,78.58330886,
559.1,78.5821815,
559.2,78.58048428,
559.3,78.5790794,
559.4,78.57861401,
559.5,78.57907112,
559.6,78.57979427,
559.7,78.57995962,
559.8,78.57915598,
559.9,78.57766465,
560,78.57624878,
560.1,78.57560948,
560.2,78.57589591,
560.3,78.57661149,
560.4,78.57697412,
560.5,78.57646933,
560.6,78.57520524,
560.7,78.57382463,
560.8,78.57304429,
560.9,78.57315151,
561,78.57381117,
561.1,78.57431248,
561.2,78.57407392,
561.3,78.57304792,
561.4,78.57174364,
561.5,78.5708595,
561.6,78.57079031,
561.7,78.57135662,
561.8,78.5719415,
561.9,78.571931,
562,78.57114397,
562.1,78.56995041,
562.2,78.56900155,
562.3,78.56876824,
562.4,78.56921467,
562.5,78.56983325,
562.6,78.57000918,
562.7,78.56945303,
562.8,78.568397,
562.9,78.5674221,
563,78.5670444,
563.1,78.56735486,
563.2,78.56796383,
563.3,78.56828322,
563.4,78.56794216,
563.5,78.56704242,
563.6,78.56607785,
563.7,78.56558091,
563.8,78.56574891,
563.9,78.56631237,
564,78.56673276,
564.1,78.56658481,
564.2,78.56585206,
564.3,78.5649304,
564.4,78.56434272,
564.5,78.56437024,
564.6,78.56486022,
564.7,78.56534133,
564.8,78.56535989,
564.9,78.56479719,
565,78.56394603,
565.1,78.56329766,
565.2,78.56319381,
565.3,78.56359028,
565.4,78.56409535,
565.5,78.56425087,
565.6,78.5638543,
565.7,78.56309557,
565.8,78.56241637,
565.9,78.56219592,
566,78.56248655,
566.1,78.56298343,
566.2,78.56324495,
566.3,78.56300457,
566.4,78.5623541,
566.5,78.56167234,
566.6,78.5613542,
566.7,78.56153382,
566.8,78.56199566,
566.9,78.56233224,
567,78.56223321,
567.1,78.56170073,
567.2,78.56104188,
567.3,78.56064764,
567.4,78.5607174,
567.5,78.56112308,
567.6,78.56150514,
567.7,78.56152886,
567.8,78.56111825,
567.9,78.56050416,
568,78.56005666,
568.1,78.56002312,
568.2,78.56035735,
568.3,78.56075765,
568.4,78.56088306,
568.5,78.56059282,
568.6,78.56004108,
568.7,78.55956317,
568.8,78.55943718,
568.9,78.55969038,
569,78.56008493,
569.1,78.56028962,
569.2,78.56011359,
569.3,78.55963725,
569.4,78.55915067,
569.5,78.55894631,
569.6,78.55911421,
569.7,78.55948279,
569.8,78.55974416,
569.9,78.55967231,
570,78.5592798,
570.1,78.55880431,
570.2,78.55853777,
570.3,78.55862086,
570.4,78.55894744,
570.5,78.55924365,
570.6,78.55926296,
570.7,78.55895826,
570.8,78.55851096,
570.9,78.55819946,
571,78.55820233,
571.1,78.55847514,
571.2,78.55878596,
571.3,78.55888136,
571.4,78.55866434,
571.5,78.55825918,
571.6,78.55792008,
571.7,78.5578506,
571.8,78.55806212,
571.9,78.55836954,
572,78.55852479,
572.1,78.55839172,
572.2,78.55803926,
572.3,78.55768917,
572.4,78.55755772,
572.5,78.55770437,
572.6,78.55799314,
572.7,78.55819167,
572.8,78.55813578,
572.9,78.55784312,
573,78.55749725,
573.1,78.55731587,
573.2,78.55739767,
573.3,78.55765555,
573.4,78.5578812,
573.5,78.55789338,
573.6,78.55766424,
573.7,78.55733587,
573.8,78.55711748,
573.9,78.55713755,
574,78.55735545,
574.1,78.55759314,
574.2,78.55766259,
574.3,78.55749756,
574.4,78.55719766,
574.5,78.55695536,
574.6,78.55691935,
574.7,78.5570913,
574.8,78.55732752,
574.9,78.55744243,
575,78.55733933,
575.1,78.55707635,
575.2,78.55682277,
575.3,78.55673826,
575.4,78.55686126,
575.5,78.55708444,
575.6,78.55723266,
575.7,78.55718695,
575.8,78.55696675,
575.9,78.55671353,
576,78.55658942,
576.1,78.55666319,
576.2,78.55686396,
576.3,78.55703352,
576.4,78.55703883,
576.5,78.55686469,
576.6,78.5566221,
576.7,78.55646803,
576.8,78.55649464,
576.9,78.55666595,
577,78.55684558,
577.1,78.55689416,
577.2,78.55676703,
577.3,78.55654362,
577.4,78.55636944,
577.5,78.55635287,
577.6,78.55649,
577.7,78.55666953,
577.8,78.55675281,
577.9,78.55667148,
578,78.55647395,
578.1,78.55628922,
578.2,78.55623498,
578.3,78.55633541,
578.4,78.55650606,
578.5,78.5566151,
578.6,78.55657657,
578.7,78.55640967,
578.8,78.55622327,
578.9,78.55613791,
579,78.55620118,
579.1,78.55635577,
579.2,78.55648169,
579.3,78.55648149,
579.4,78.55634807,
579.5,78.55616787,
579.6,78.55605856,
579.7,78.55608598,
579.8,78.55621904,
579.9,78.55635342,
580,78.55638601,
580.1,78.55628711,
580.2,78.55611977,
580.3,78.55599388,
580.4,78.55598824,
580.5,78.55609602,
580.6,78.5562312,
580.7,78.55629034,
580.8,78.55622537,
580.9,78.55607616,
581,78.55594089,
581.1,78.55590617,
581.2,78.55598657,
581.3,78.55611589,
581.4,78.556195,
581.5,78.55616199,
581.6,78.55603474,
581.7,78.55589684,
581.8,78.55583783,
581.9,78.5558903,
582,78.55600825,
582.1,78.55610076,
582.2,78.5560966,
582.3,78.55599368,
582.4,78.5558592,
582.5,78.5557812,
582.6,78.55580654,
582.7,78.55590885,
582.8,78.55600846,
582.9,78.55602919,
583,78.55595165,
583.1,78.55582571,
583.2,78.55573423,
583.3,78.55573437,
583.4,78.55581808,
583.5,78.55591901,
583.6,78.55596009,
583.7,78.55590772,
583.8,78.55579445,
583.9,78.55569491,
584,78.5556727,
584.1,78.55573607,
584.2,78.55583326,
584.3,78.55588985,
584.4,78.55586137,
584.5,78.55576383,
584.6,78.55566134,
584.7,78.55562027,
584.8,78.55566273,
584.9,78.55575196,
585,78.55581918,
585.1,78.55581243,
585.2,78.5557326,
585.3,78.55563177,
585.4,78.55557575,
585.5,78.55559775,
585.6,78.5556757,
585.7,78.55574885,
585.8,78.555761,
585.9,78.55569983,
586,78.55560462,
586.1,78.55553776,
586.2,78.55554061,
586.3,78.55560494,
586.4,78.55567966,
586.5,78.55570742,
586.6,78.55566492,
586.7,78.55557853,
586.8,78.5555049,
586.9,78.55549063,
587,78.55553991,
587.1,78.55561235,
587.2,78.55565217,
587.3,78.55562753,
587.4,78.5555524,
587.5,78.55547585,
587.6,78.55544701,
587.7,78.55548067,
587.8,78.5555476,
587.9,78.55559585,
588,78.5555876,
588.1,78.55552534,
588.2,78.55544937,
588.3,78.55540884,
588.4,78.55542711,
588.5,78.55548597,
588.6,78.55553913,
588.7,78.55554523,
588.8,78.55549669,
588.9,78.55542436,
589,78.55537517,
589.1,78.55537894,
589.2,78.55542786,
589.3,78.55548266,
589.4,78.55550073,
589.5,78.55546605,
589.6,78.55539984,
589.7,78.55534504,
589.8,78.55533574,
589.9,78.55537355,
590,78.55542707,
590.1,78.5554545,
590.2,78.55543318,
590.3,78.55537501,
590.4,78.55531751,
590.5,78.55529699,
590.6,78.55532318,
590.7,78.55537293,
590.8,78.55540704,
590.9,78.55539806,
591,78.55534924,
591.1,78.5552917,
591.2,78.55526206,
591.3,78.55527671,
591.4,78.55532071,
591.5,78.55535887,
591.6,78.5553608,
591.7,78.55532206,
591.8,78.55526681,
591.9,78.55523031,
592,78.555234,
592.1,78.55527078,
592.2,78.55531052,
592.3,78.55532163,
592.4,78.55529317,
592.5,78.55524215,
592.6,78.55520106,
592.7,78.55519479,
592.8,78.5552234,
592.9,78.55526251,
593,78.55528088,
593.1,78.55526241,
593.2,78.55521712,
593.3,78.55517363,
593.4,78.55515874,
593.5,78.55517872,
593.6,78.5552153,
593.7,78.55523895,
593.8,78.55522977,
593.9,78.55519126,
594,78.55514739,
594.1,78.55512543,
594.2,78.55513677,
594.3,78.55516927,
594.4,78.55519623,
594.5,78.55519534,
594.6,78.55516424,
594.7,78.55512177,
594.8,78.55509439,
594.9,78.55509746,
595,78.55512475,
595.1,78.55515317,
595.2,78.55515931,
595.3,78.55513582,
595.4,78.55509625,
595.5,78.55506515,
595.6,78.55506066,
595.7,78.55508195,
595.8,78.55511015,
595.9,78.55512192,
596,78.55510589,
596.1,78.55507039,
596.2,78.55503722,
596.3,78.55502613,
596.4,78.55504103,
596.5,78.55506755,
596.6,78.55508348,
596.7,78.55507445,
596.8,78.55504386,
596.9,78.55501015,
597,78.55499357,
597.1,78.55500202,
597.2,78.55502568,
597.3,78.55504431,
597.4,78.55504156,
597.5,78.5550164,
597.6,78.5549835,
597.7,78.55496268,
597.8,78.5549649,
597.9,78.5549848,
598,78.55500473,
598.1,78.55500737,
598.2,78.55498784,
598.3,78.55495691,
598.4,78.55493309,
598.5,78.55492959,
598.6,78.5549451,
598.7,78.55496506,
598.8,78.55497206,
598.9,78.5549581,
599,78.55493005,
599.1,78.55490448,
599.2,78.55489592,
599.3,78.55490671,
599.4,78.55492559,
599.5,78.55493585,
599.6,78.55492717,
599.7,78.55490266,
599.8,78.55487649,
599.9,78.5548637,
600,78.55486968,
600,78.55486968,
600,78.55486968,
600.1,78.55488656,
600.2,78.55489901,
600.3,78.55489509,
600.4,78.55487456,
600.5,78.55484882,
600.6,78.55483271,
600.7,78.55483401,
600.8,78.55484819,
600.9,78.55486177,
601,78.55486196,
601.1,78.55484561,
601.2,78.55482119,
601.3,78.55480268,
601.4,78.55479965,
601.5,78.55481063,
601.6,78.55482438,
601.7,78.55482794,
601.8,78.55481574,
601.9,78.55479335,
602,78.55477338,
602.1,78.55476649,
602.2,78.55477399,
602.3,78.55478706,
602.4,78.55479319,
602.5,78.55478495,
602.6,78.55476512,
602.7,78.55474455,
602.8,78.55473441,
602.9,78.55473832,
603,78.55475002,
603.1,78.5547579,
603.2,78.55475326,
603.3,78.55473634,
603.4,78.55471597,
603.5,78.55470323,
603.6,78.55470364,
603.7,78.5547134,
603.8,78.55472225,
603.9,78.55472076,
604,78.55470692,
604.1,78.55468742,
604.2,78.55467278,
604.3,78.55466991,
604.4,78.55467734,
604.5,78.55468644,
604.6,78.55468754,
604.7,78.5546768,
604.8,78.55465872,
604.9,78.55464287,
605,78.55463707,
605.1,78.55464194,
605.2,78.55465063,
605.3,78.55465374,
605.4,78.55464597,
605.5,78.55462973,
605.6,78.55461333,
605.7,78.55460502,
605.8,78.55460723,
605.9,78.55461498,
606,78.55461949,
606.1,78.55461445,
606.2,78.55460034,
606.3,78.55458398,
606.4,78.55457365,
606.5,78.55457324,
606.6,78.55457961,
606.7,78.55458494,
606.8,78.5545823,
606.9,78.55457046,
607,78.55455467,
607.1,78.55454284,
607.2,78.55453995,
607.3,78.55454463,
607.4,78.55455023,
607.5,78.55454959,
607.6,78.55454005,
607.7,78.55452525,
607.8,78.55451244,
607.9,78.55450732,
608,78.55451011,
608.1,78.55451549,
608.2,78.55451641,
608.3,78.55450911,
608.4,78.55449563,
608.5,78.55448232,
608.6,78.55447528,
608.7,78.5544761,
608.8,78.55448083,
608.9,78.55448288,
609,78.55447763,
609.1,78.5544657,
609.2,78.55445235,
609.3,78.55444375,
609.4,78.5544426,
609.5,78.55444637,
609.6,78.55444909,
609.7,78.55444567,
609.8,78.55443542,
609.9,78.55442242,
610,78.55441263,
610.1,78.55440963,
610.2,78.55441217,
610.3,78.55441516,
610.4,78.55441328,
610.5,78.55440473,
610.6,78.55439243,
610.7,78.55438184,
610.8,78.55437714,
610.9,78.5543783,
611,78.55438118,
611.1,78.55438052,
611.2,78.55437364,
611.3,78.55436228,
611.4,78.55435126,
611.5,78.55434509,
611.6,78.55434479,
611.7,78.55434724,
611.8,78.55434747,
611.9,78.55434216,
612,78.55433192,
612.1,78.55432081,
612.2,78.55431343,
612.3,78.55431166,
612.4,78.55431343,
612.5,78.55431422,
612.6,78.55431029,
612.7,78.55430129,
612.8,78.5542904,
612.9,78.55428209,
613,78.55427892,
613.1,78.5542798,
613.2,78.55428084,
613.3,78.5542781,
613.4,78.55427036,
613.5,78.55425994,
613.6,78.55425099,
613.7,78.55424654,
613.8,78.55424641,
613.9,78.55424741,
614,78.55424562,
614.1,78.55423913,
614.2,78.55422938,
614.3,78.55422007,
614.4,78.55421449,
614.5,78.55421328,
614.6,78.554214,
614.7,78.55421291,
614.8,78.55420759,
614.9,78.55419867,
615,78.55418924,
615.1,78.55418273,
615.2,78.55418043,
615.3,78.55418067,
615.4,78.55418003,
615.5,78.55417578,
615.6,78.55416775,
615.7,78.55415845,
615.8,78.55415121,
615.9,78.55414786,
616,78.55414747,
616.1,78.55414705,
616.2,78.5541437,
616.3,78.55413662,
616.4,78.55412764,
616.5,78.55411988,
616.6,78.55411556,
616.7,78.55411443,
616.8,78.55411402,
616.9,78.55411141,
617,78.55410526,
617.1,78.55409675,
617.2,78.55408869,
617.3,78.55408351,
617.4,78.55408158,
617.5,78.55408099,
617.6,78.55407893,
617.7,78.55407367,
617.8,78.55406575,
617.9,78.55405758,
618,78.55405168,
618.1,78.55404894,
618.2,78.55404802,
618.3,78.55404632,
618.4,78.55404186,
618.5,78.55403461,
618.6,78.5540265,
618.7,78.55402003,
618.8,78.5540165,
618.9,78.55401513,
619,78.55401363,
619.1,78.55400986,
619.2,78.55400331,
619.3,78.55399541,
619.4,78.55398853,
619.5,78.55398427,
619.6,78.55398236,
619.7,78.55398089,
619.8,78.55397769,
619.9,78.55397183,
620,78.55396427,
620.1,78.55395714,
620.2,78.55395222,
620.3,78.55394972,
620.4,78.55394814,
620.5,78.55394538,
620.6,78.55394019,
620.7,78.55393305,
620.8,78.55392581,
620.9,78.55392034,
621,78.55391724,
621.1,78.55391543,
621.2,78.55391296,
621.3,78.55390838,
621.4,78.55390173,
621.5,78.55389452,
621.6,78.5538886,
621.7,78.55388491,
621.8,78.55388278,
621.9,78.55388047,
622,78.55387642,
622.1,78.55387029,
622.2,78.55386322,
622.3,78.55385698,
622.4,78.55385273,
622.5,78.55385021,
622.6,78.55384795,
622.7,78.55384433,
622.8,78.55383872,
622.9,78.55383188,
623,78.55382543,
623.1,78.55382069,
623.2,78.55381773,
623.3,78.55381541,
623.4,78.55381213,
623.5,78.55380702,
623.6,78.55380049,
623.7,78.55379395,
623.8,78.55378877,
623.9,78.55378537,
624,78.55378289,
624.1,78.55377985,
624.2,78.5537752,
624.3,78.55376902,
624.4,78.55376248,
624.5,78.55375697,
624.6,78.55375312,
624.7,78.55375041,
624.8,78.55374752,
624.9,78.55374327,
625,78.55373747,
625.1,78.55373102,
625.2,78.55372525,
625.3,78.55372099,
625.4,78.55371799,
625.5,78.55371514,
625.6,78.55371123,
625.7,78.55370582,
625.8,78.55369954,
625.9,78.5536936,
626,78.55368896,
626.1,78.55368564,
626.2,78.55368276,
626.3,78.55367911,
626.4,78.55367408,
626.5,78.55366801,
626.6,78.55366199,
626.7,78.55365702,
626.8,78.55365338,
626.9,78.55365039,
627,78.55364693,
627.1,78.55364225,
627.2,78.55363644,
627.3,78.5536304,
627.4,78.55362517,
627.5,78.55362119,
627.6,78.55361804,
627.7,78.5536147,
627.8,78.55361032,
627.9,78.5536048,
628,78.55359881,
628.1,78.55359338,
628.2,78.55358909,
628.3,78.55358573,
628.4,78.55358244,
628.5,78.55357833,
628.6,78.55357308,
628.7,78.55356722,
628.8,78.55356165,
628.9,78.55355707,
629,78.55355348,
629.1,78.55355017,
629.2,78.55354626,
629.3,78.5535413,
629.4,78.55353559,
629.5,78.55352995,
629.6,78.55352512,
629.7,78.55352129,
629.8,78.55351791,
629.9,78.55351415,
630,78.55350945,
630.1,78.55350393,
630.2,78.55349827,
630.3,78.55349324,
630.4,78.55348915,
630.5,78.55348566,
630.6,78.553482,
630.7,78.55347753,
630.8,78.55347222,
630.9,78.55346659,
631,78.5534614,
631.1,78.55345708,
631.2,78.55345344,
631.3,78.55344982,
631.4,78.55344556,
631.5,78.55344046,
631.6,78.55343491,
631.7,78.55342961,
631.8,78.55342507,
631.9,78.55342126,
632,78.55341764,
632.1,78.55341353,
632.2,78.55340864,
632.3,78.5534032,
632.4,78.55339784,
632.5,78.55339312,
632.6,78.55338912,
632.7,78.55338545,
632.8,78.55338147,
632.9,78.55337677,
633,78.55337147,
633.1,78.55336609,
633.2,78.55336121,
633.3,78.55335703,
633.4,78.55335328,
633.5,78.55334938,
633.6,78.55334486,
633.7,78.55333971,
633.8,78.55333435,
633.9,78.55332934,
634,78.55332499,
634.1,78.55332113,
634.2,78.55331726,
634.3,78.5533129,
634.4,78.55330791,
634.5,78.5533026,
634.6,78.5532975,
634.7,78.55329298,
634.8,78.553289,
634.9,78.55328514,
635,78.5532809,
635.1,78.55327607,
635.2,78.55327084,
635.3,78.55326569,
635.4,78.55326102,
635.5,78.55325691,
635.6,78.55325302,
635.7,78.55324887,
635.8,78.55324418,
635.9,78.55323905,
636,78.55323388,
636.1,78.5532291,
636.2,78.55322485,
636.3,78.5532209,
636.4,78.55321682,
636.5,78.55321227,
636.6,78.55320725,
636.7,78.55320209,
636.8,78.55319721,
636.9,78.55319282,
637,78.5531888,
637.1,78.55318475,
637.2,78.55318032,
637.3,78.55317541,
637.4,78.55317029,
637.5,78.55316534,
637.6,78.55316083,
637.7,78.55315671,
637.8,78.55315267,
637.9,78.55314834,
638,78.55314355,
638.1,78.55313848,
638.2,78.55313349,
638.3,78.55312887,
638.4,78.55312465,
638.5,78.55312059,
638.6,78.55311633,
638.7,78.55311166,
638.8,78.55310666,
638.9,78.55310165,
639,78.55309693,
639.1,78.55309262,
639.2,78.55308852,
639.3,78.55308431,
639.4,78.55307974,
639.5,78.55307482,
639.6,78.55306981,
639.7,78.55306502,
639.8,78.55306061,
639.9,78.55305646,
640,78.55305227,
640.1,78.55304779,
640.2,78.55304296,
640.3,78.55303797,
640.4,78.55303313,
640.5,78.55302862,
640.6,78.55302441,
640.7,78.55302023,
640.8,78.55301582,
640.9,78.55301108,
641,78.55300613,
641.1,78.55300125,
641.2,78.55299666,
641.3,78.55299237,
641.4,78.55298819,
641.5,78.55298384,
641.6,78.55297918,
641.7,78.55297428,
641.8,78.55296938,
641.9,78.55296472,
642,78.55296036,
642.1,78.55295614,
642.2,78.55295184,
642.3,78.55294725,
642.4,78.55294242,
642.5,78.55293752,
642.6,78.5529328,
642.7,78.55292836,
642.8,78.55292411,
642.9,78.55291982,
643,78.55291531,
643.1,78.55291054,
643.2,78.55290566,
643.3,78.55290089,
643.4,78.55289638,
643.5,78.55289208,
643.6,78.55288781,
643.7,78.55288335,
643.8,78.55287864,
643.9,78.55287379,
644,78.55286899,
644.1,78.55286442,
644.2,78.55286007,
644.3,78.55285579,
644.4,78.55285138,
644.5,78.55284673,
644.6,78.55284191,
644.7,78.5528371,
644.8,78.55283247,
644.9,78.55282807,
645,78.55282377,
645.1,78.55281939,
645.2,78.5528148,
645.3,78.55281003,
645.4,78.55280522,
645.5,78.55280054,
645.6,78.55279608,
645.7,78.55279176,
645.8,78.5527874,
645.9,78.55278286,
646,78.55277814,
646.1,78.55277333,
646.2,78.55276862,
646.3,78.55276411,
646.4,78.55275975,
646.5,78.5527554,
646.6,78.55275091,
646.7,78.55274623,
646.8,78.55274145,
646.9,78.55273671,
647,78.55273215,
647.1,78.55272775,
647.2,78.5527234,
647.3,78.55271894,
647.4,78.55271431,
647.5,78.55270955,
647.6,78.55270481,
647.7,78.5527002,
647.8,78.55269576,
647.9,78.5526914,
648,78.55268697,
648.1,78.55268238,
648.2,78.55267765,
648.3,78.55267291,
648.4,78.55266827,
648.5,78.55266378,
648.6,78.5526594,
648.7,78.55265499,
648.8,78.55265044,
648.9,78.55264575,
649,78.55264101,
649.1,78.55263634,
649.2,78.55263182,
649.3,78.55262741,
649.4,78.552623,
649.5,78.55261849,
649.6,78.55261383,
649.7,78.5526091,
649.8,78.55260442,
649.9,78.55259986,
650,78.55259542,
650.1,78.55259102,
650.2,78.55258653,
650.3,78.55258191,
650.4,78.5525772,
650.5,78.5525725,
650.6,78.55256791,
650.7,78.55256344,
650.8,78.55255903,
650.9,78.55255456,
651,78.55254998,
651.1,78.55254529,
651.2,78.55254059,
651.3,78.55253597,
651.4,78.55253147,
651.5,78.55252705,
651.6,78.55252259,
651.7,78.55251803,
651.8,78.55251337,
651.9,78.55250867,
652,78.55250404,
652.1,78.55249951,
652.2,78.55249506,
652.3,78.55249062,
652.4,78.55248609,
652.5,78.55248145,
652.6,78.55247676,
652.7,78.55247211,
652.8,78.55246755,
652.9,78.55246309,
653,78.55245864,
653.1,78.55245413,
653.2,78.55244952,
653.3,78.55244484,
653.4,78.55244018,
653.5,78.5524356,
653.6,78.55243112,
653.7,78.55242666,
653.8,78.55242217,
653.9,78.55241759,
654,78.55241293,
654.1,78.55240826,
654.2,78.55240366,
654.3,78.55239915,
654.4,78.55239469,
654.5,78.55239021,
654.6,78.55238564,
654.7,78.552381,
654.8,78.55237634,
654.9,78.55237172,
655,78.55236719,
655.1,78.55236272,
655.2,78.55235824,
655.3,78.5523537,
655.4,78.55234907,
655.5,78.55234442,
655.6,78.55233979,
655.7,78.55233523,
655.8,78.55233075,
655.9,78.55232627,
656,78.55232174,
656.1,78.55231714,
656.2,78.55231249,
656.3,78.55230786,
656.4,78.55230328,
656.5,78.55229878,
656.6,78.5522943,
656.7,78.55228979,
656.8,78.5522852,
656.9,78.55228057,
657,78.55227593,
657.1,78.55227134,
657.2,78.55226682,
657.3,78.55226233,
657.4,78.55225783,
657.5,78.55225326,
657.6,78.55224864,
657.7,78.552244,
657.8,78.5522394,
657.9,78.55223486,
658,78.55223037,
658.1,78.55222587,
658.2,78.55222132,
658.3,78.55221671,
658.4,78.55221207,
658.5,78.55220746,
658.6,78.55220291,
658.7,78.5521984,
658.8,78.5521939,
658.9,78.55218937,
659,78.55218477,
659.1,78.55218014,
659.2,78.55217553,
659.3,78.55217096,
659.4,78.55216644,
659.5,78.55216194,
659.6,78.55215741,
659.7,78.55215283,
659.8,78.55214821,
659.9,78.55214359,
660,78.55213901,
660.1,78.55213448,
660.2,78.55212998,
660.3,78.55212546,
660.4,78.55212089,
660.5,78.55211628,
660.6,78.55211166,
660.7,78.55210707,
660.8,78.55210253,
660.9,78.55209802,
661,78.5520935,
661.1,78.55208894,
661.2,78.55208434,
661.3,78.55207973,
661.4,78.55207513,
661.5,78.55207058,
661.6,78.55206606,
661.7,78.55206154,
661.8,78.55205699,
661.9,78.55205241,
662,78.55204779,
662.1,78.55204319,
662.2,78.55203863,
662.3,78.5520341,
662.4,78.55202958,
662.5,78.55202504,
662.6,78.55202047,
662.7,78.55201586,
662.8,78.55201125,
662.9,78.55200668,
663,78.55200214,
663.1,78.55199762,
663.2,78.55199309,
663.3,78.55198852,
663.4,78.55198392,
663.5,78.55197932,
663.6,78.55197474,
663.7,78.55197019,
663.8,78.55196567,
663.9,78.55196114,
664,78.55195658,
664.1,78.55195199,
664.2,78.55194738,
664.3,78.55194279,
664.4,78.55193824,
664.5,78.55193371,
664.6,78.55192918,
664.7,78.55192463,
664.8,78.55192005,
664.9,78.55191544,
665,78.55191085,
665.1,78.55190629,
665.2,78.55190175,
665.3,78.55189722,
665.4,78.55189268,
665.5,78.5518881,
665.6,78.55188351,
665.7,78.55187891,
665.8,78.55187434,
665.9,78.5518698,
666,78.55186527,
666.1,78.55186073,
666.2,78.55185616,
666.3,78.55185157,
666.4,78.55184697,
666.5,78.5518424,
666.6,78.55183785,
666.7,78.55183331,
666.8,78.55182878,
666.9,78.55182421,
667,78.55181963,
667.1,78.55181504,
667.2,78.55181045,
667.3,78.5518059,
667.4,78.55180136,
667.5,78.55179682,
667.6,78.55179227,
