time,distur_data,data
490,0,80.01241646
490.1,0,80.01241188
490.2,0,80.01240728
490.3,0,80.01240263
490.4,0,80.01239794
490.5,0,80.01239323
490.6,0,80.01238854
490.7,0,80.01238391
490.8,0,80.01237932
490.9,0,80.01237473
491,0,80.01237009
491.1,0,80.01236541
491.2,0,80.0123607
491.3,0,80.01235601
491.4,0,80.01235137
491.5,0,80.01234677
491.6,0,80.01234217
491.7,0,80.01233755
491.8,0,80.01233288
491.9,0,80.01232818
492,0,80.01232348
492.1,0,80.01231883
492.2,0,80.01231422
492.3,0,80.01230962
492.4,0,80.012305
492.5,0,80.01230034
492.6,0,80.01229565
492.7,0,80.01229095
492.8,0,80.01228629
492.9,0,80.01228167
493,0,80.01227707
493.1,0,80.01227245
493.2,0,80.0122678
493.3,0,80.01226312
493.4,0,80.01225842
493.5,0,80.01225375
493.6,0,80.01224912
493.7,0,80.01224451
493.8,0,80.0122399
493.9,0,80.01223526
494,0,80.01223059
494.1,0,80.01222589
494.2,0,80.01222122
494.3,0,80.01221657
494.4,0,80.01221196
494.5,0,80.01220735
494.6,0,80.01220272
494.7,0,80.01219805
494.8,0,80.01219336
494.9,0,80.01218868
495,0,80.01218403
495.1,0,80.01217941
495.2,0,80.0121748
495.3,0,80.01217018
495.4,0,80.01216552
495.5,0,80.01216083
495.6,0,80.01215615
495.7,0,80.01215149
495.8,0,80.01214686
495.9,0,80.01214225
496,0,80.01213763
496.1,0,80.01213298
496.2,0,80.0121283
496.3,0,80.01212362
496.4,0,80.01211895
496.5,0,80.01211432
496.6,0,80.0121097
496.7,0,80.01210508
496.8,0,80.01210044
496.9,0,80.01209577
497,0,80.01209109
497.1,0,80.01208642
497.2,0,80.01208177
497.3,0,80.01207715
497.4,0,80.01207253
497.5,0,80.0120679
497.6,0,80.01206323
497.7,0,80.01205855
497.8,0,80.01205388
497.9,0,80.01204923
498,0,80.01204461
498.1,0,80.01203999
498.2,0,80.01203535
498.3,0,80.0120307
498.4,0,80.01202602
498.5,0,80.01202135
498.6,0,80.01201669
498.7,0,80.01201206
498.8,0,80.01200744
498.9,0,80.01200281
499,0,80.01199816
499.1,0,80.01199349
499.2,0,80.01198881
499.3,0,80.01198415
499.4,0,80.01197951
499.5,0,80.01197489
499.6,0,80.01197026
499.7,0,80.01196562
499.8,0,80.01196095
499.9,0,80.01195628
500,0,80.01195162
500.1,-4529.553838,80.01194697
500.2,1788.647169,80.01217503
500.3,1792.964058,80.01211945
500.4,4346.928959,80.01186264
500.5,-1164.979225,80.01145437
500.6,194.1637207,80.01147607
500.7,3309.653461,80.01179492
500.8,-4654.278895,80.01202509
500.9,-4465.38365,80.01242756
501,297.0019334,80.01265412
501.1,1711.493841,80.01230608
501.2,-4923.018138,80.0115947
501.3,1867.727124,80.01137254
501.4,4304.364947,80.01139752
501.5,3461.668905,80.01156457
501.6,269.2877759,80.01180867
501.7,-4080.351092,80.01210963
501.8,1539.189623,80.01245282
501.9,-840.0064315,80.01227869
502,2011.905944,80.01187232
502.1,4103.208305,80.01135802
502.2,2621.980397,80.01100318
502.3,-2375.470063,80.01113364
502.4,-4525.354863,80.01188552
502.5,2360.818846,80.01279138
502.6,-1717.657739,80.01284262
502.7,1326.385679,80.01226593
502.8,2564.10486,80.01129072
502.9,4910.373855,80.01055701
503,-1346.613293,80.01045287
503.1,-2529.611144,80.01136278
503.2,4825.502862,80.01264104
503.3,2226.604008,80.01299201
503.4,2533.55835,80.01235486
503.5,1515.185748,80.01114911
503.6,-4273.141171,80.0102687
503.7,1316.347181,80.01059823
503.8,3847.071286,80.0115477
503.9,-2272.900332,80.01233131
504,-635.8859435,80.01271686
504.1,2664.947779,80.01230555
504.2,-222.68235,80.01122798
504.3,-2622.255663,80.01040484
504.4,-2250.931597,80.01049765
504.5,-1407.350207,80.01137687
504.6,-3334.927996,80.0123598
504.7,-134.8261699,80.01285085
504.8,3976.562866,80.01233274
504.9,4092.081016,80.01099004
505,-4394.356725,80.00978864
505.1,4046.530923,80.00999041
505.2,45.22894744,80.01093126
505.3,162.9196364,80.0121835
505.4,-1809.670588,80.01282086
505.5,4866.42112,80.01249889
505.6,-60.23315017,80.01109612
505.7,-2338.554928,80.00989603
505.8,-4092.671051,80.00980732
505.9,4477.6425,80.01093466
506,-4262.509248,80.01200558
506.1,7.070947907,80.01276138
506.2,-1158.57852,80.01239694
506.3,-2229.181997,80.01126757
506.4,4138.17442,80.01021955
506.5,297.4739369,80.0096462
506.6,-355.5417505,80.01016774
506.7,4409.799538,80.01139827
506.8,-4499.160163,80.01220495
506.9,2615.142622,80.01250629
507,2702.045468,80.0116723
507.1,3278.173003,80.01033882
507.2,-3746.346244,80.00940798
507.3,-4841.322987,80.00987339
507.4,1884.553012,80.01138334
507.5,3682.471318,80.01250092
507.6,1295.434179,80.0123919
507.7,2362.245143,80.01127845
507.8,2254.119984,80.00987759
507.9,4994.57879,80.00917381
508,3885.722137,80.00948903
508.1,-2668.051216,80.01063685
508.2,-1936.781689,80.01210446
508.3,-1489.84752,80.01275998
508.4,132.7370224,80.01212422
508.5,911.1358253,80.01057085
508.6,3459.815601,80.00915953
508.7,-879.1922945,80.00873303
508.8,3415.106395,80.00979018
508.9,-2306.827278,80.01129601
509,-846.0538442,80.01248718
509.1,373.0397557,80.01240671
509.2,-320.826315,80.01106494
509.3,-2127.876285,80.00945189
509.4,-3216.722961,80.00877407
509.5,-3462.800229,80.00951786
509.6,716.5481084,80.01112869
509.7,3024.05727,80.01223649
509.8,-4669.462456,80.01197307
509.9,344.4984114,80.01094695
510,344.4984114,80.00957824
510,-15.19880957,80.00957824
510,-15.19880957,80.00957824
510.1,4553.6076,80.00887359
510.2,2482.926509,80.00906838
510.3,545.8384825,80.01013142
510.4,3907.374814,80.01137414
510.5,1248.492913,80.01172419
510.6,3420.396125,80.01109441
510.7,-3402.324774,80.00979925
510.8,-2872.484852,80.00910261
510.9,2147.099677,80.00939441
511,-3695.727381,80.01018261
511.1,-4090.096633,80.01122119
511.2,-2254.118522,80.01174953
511.3,-4970.00399,80.01130212
511.4,-857.067367,80.01035528
511.5,-4731.237092,80.00935082
511.6,2098.195929,80.00921554
511.7,4378.972994,80.00965383
511.8,-2600.891952,80.0102723
511.9,-3191.040912,80.01100257
512,-1824.604635,80.01131593
512.1,3869.906621,80.01092799
512.2,1520.58686,80.00984211
512.3,-3496.649404,80.00898687
512.4,1813.462138,80.00919698
512.5,-1141.852963,80.01000093
512.6,-1122.746629,80.01100767
512.7,-2.589675133,80.01148843
512.8,-3524.669967,80.01105985
512.9,871.8662317,80.01022801
513,3455.756595,80.00933881
513.1,901.0861003,80.00891294
513.2,4554.088264,80.00938599
513.3,561.4613861,80.01020404
513.4,-3518.484378,80.01100993
513.5,4833.050971,80.01141866
513.6,-912.3330637,80.01069498
513.7,-3581.802286,80.00970815
513.8,648.9868069,80.00925001
513.9,-2478.735935,80.00939467
514,-114.8545067,80.01021285
514.1,-359.6947134,80.01097639
514.2,4610.951408,80.01117774
514.3,-3739.69194,80.01042898
514.4,-3002.428006,80.00972778
514.5,-1807.503261,80.00947282
514.6,1292.691564,80.0097781
514.7,-3732.878412,80.01026927
514.8,1512.537415,80.01087698
514.9,1216.340259,80.01087659
515,3030.729959,80.01033042
515.1,-2521.582417,80.00953768
515.2,-235.6819693,80.00935336
515.3,-1106.858303,80.00974356
515.4,-2967.496653,80.01048377
515.5,-4716.248186,80.01114072
515.6,4016.73499,80.0113384
515.7,-735.0258696,80.01049576
515.8,-3579.789679,80.00952556
515.9,4474.867801,80.00923072
516,-896.8696445,80.0093806
516.1,-3688.114685,80.01019089
516.2,3856.483711,80.01119522
516.3,-4078.263701,80.01128868
516.4,-3378.01448,80.01088153
516.5,-4289.364349,80.01019015
516.6,-1346.609712,80.00976494
516.7,-2469.426364,80.00975436
516.8,-3648.906317,80.01024702
516.9,2831.531688,80.01095659
517,-446.9271588,80.01105926
517.1,-1504.758553,80.01071815
517.2,-476.9983075,80.01022922
517.3,3089.44587,80.00989389
517.4,4316.744003,80.0097827
517.5,1516.460551,80.00994067
517.6,-2847.516159,80.01041191
517.7,1795.923676,80.01107426
517.8,4089.218853,80.01120417
517.9,-2498.744059,80.01063992
518,3608.598359,80.01014692
518.1,-287.3767145,80.00972057
518.2,59.55875155,80.0098993
518.3,1003.937384,80.01050731
518.4,3175.614829,80.01106722
518.5,2558.435322,80.01108435
518.6,-377.5502068,80.01060181
518.7,4513.674504,80.01011148
518.8,1327.387,80.00968512
518.9,-606.6967946,80.00980808
519,3246.973869,80.01045608
519.1,1889.809131,80.0109489
519.2,2022.066487,80.01102921
519.3,4871.454998,80.01062323
519.4,4544.149027,80.00986742
519.5,3512.696684,80.00931676
519.6,-2106.837969,80.00938473
519.7,374.2574134,80.01027249
519.8,144.3466615,80.01116095
519.9,-3965.66072,80.0114362
520,-3965.66072,80.01110828
520,-859.7151683,80.01110828
520,-859.7151683,80.01110828
520.1,767.1663984,80.01021835
520.2,3765.65719,80.00932204
520.3,-599.6134065,80.00888833
520.4,2297.476804,80.00943691
520.5,3692.637379,80.01037154
520.6,2156.423348,80.01095797
520.7,3007.20327,80.01085854
520.8,2065.354743,80.01008029
520.9,2417.158977,80.00921044
521,-4809.075962,80.00881015
521.1,3860.311172,80.00949666
521.2,249.8740541,80.01025521
521.3,-366.7726579,80.010767
521.4,-4348.061271,80.01066226
521.5,2134.223206,80.01020252
521.6,-110.5684066,80.00933856
521.7,1676.790652,80.00881687
521.8,1820.491197,80.0088687
521.9,-3004.452529,80.00942765
522,4166.338956,80.01031737
522.1,3658.82669,80.01048929
522.2,3900.186796,80.0098837
522.3,439.4830696,80.00889759
522.4,-3608.05001,80.0083789
522.5,-496.5256366,80.00883923
522.6,4893.624997,80.00972699
522.7,-2844.680179,80.01013023
522.8,-539.7657331,80.01017866
522.9,-1842.675873,80.00965348
523,146.5945761,80.00899062
523.1,3815.041189,80.00852423
523.2,-602.7443733,80.00837876
523.3,-324.682186,80.00887433
523.4,3066.499172,80.00958549
523.5,-1348.419397,80.0098142
523.6,-2884.810426,80.00963193
523.7,4991.16654,80.00920185
523.8,-3463.955204,80.00839483
523.9,1304.882698,80.00824158
524,1163.503656,80.00851749
524.1,-4994.049575,80.00903559
524.2,-4991.210001,80.00972071
524.3,2733.520161,80.01003311
524.4,2273.3499,80.00935068
524.5,-1808.224119,80.00822605
524.6,-822.7628403,80.00764411
524.7,1824.942323,80.00790971
524.8,1805.619838,80.00867536
524.9,-2947.381198,80.00939605
525,3364.198798,80.0097942
525.1,2089.206109,80.00922863
525.2,3287.07952,80.00820136
525.3,-4054.511967,80.00735223
525.4,-4182.623904,80.00763558
525.5,2640.048534,80.00877448
525.6,1295.718363,80.00958991
525.7,-2861.478225,80.00961274
525.8,-2864.532004,80.0090308
525.9,-4189.392025,80.00822375
526,-1111.767621,80.00781787
526.1,4521.596683,80.00791547
526.2,4475.450618,80.00816118
526.3,-1101.464143,80.00840647
526.4,-2307.85258,80.00875119
526.5,1921.689793,80.00896621
526.6,-2159.649631,80.00866792
526.7,2768.658217,80.00829877
526.8,2838.652026,80.00782972
526.9,-775.4018231,80.00760559
527,-2178.441145,80.00794978
527.1,-3060.325271,80.00864598
527.2,-4886.837732,80.00922474
527.3,-3081.761626,80.00936245
527.4,4832.357978,80.00886238
527.5,-2559.457532,80.00768943
527.6,3197.260936,80.00710017
527.7,-3635.45062,80.00714966
527.8,-1018.563093,80.0081704
527.9,1010.101077,80.00924779
528,-3231.196314,80.00953523
528.1,3283.547172,80.00907318
528.2,-3422.688203,80.00783746
528.3,4879.370006,80.00708926
528.4,-2428.313441,80.00687356
528.5,-2664.00807,80.00775252
528.6,-3983.626221,80.0090526
528.7,-2805.893546,80.00992051
528.8,1347.174396,80.00969042
528.9,1960.073047,80.00834315
529,2947.698127,80.00684105
529.1,1962.428119,80.00619301
529.2,2529.40413,80.00689137
529.3,1695.20642,80.00838244
529.4,1334.299066,80.00964781
529.5,-4435.593374,80.0098127
529.6,982.1663638,80.00906987
529.7,-2729.922783,80.00763967
529.8,-1812.221197,80.00675713
529.9,1998.344402,80.00695735
530,-3825.630648,80.0078884
530.1,2625.707219,80.00920441
530.2,261.2327669,80.00960944
530.3,539.113458,80.00899756
530.4,879.8891333,80.00778616
530.5,-1703.336116,80.00681716
530.6,2029.894119,80.00689618
530.7,-3569.547398,80.00773807
530.8,-3383.12291,80.0090459
530.9,-146.7482444,80.00985007
531,3602.256956,80.00943467
531.1,3132.657128,80.00794421
531.2,568.3578251,80.00648979
531.3,2389.96609,80.00621435
531.4,-1839.926619,80.00717439
531.5,-3646.677844,80.00889634
531.6,285.4826792,80.01022192
531.7,-1892.611341,80.01001644
531.8,881.1912201,80.00858858
531.9,180.8358706,80.00680613
532,-691.5220784,80.00597667
532.1,-2411.572424,80.00670191
532.2,-1297.737242,80.00852619
532.3,-1069.823963,80.01008421
532.4,-531.3405746,80.01028779
532.5,-241.0377633,80.00899767
532.6,-1121.687813,80.00713824
532.7,-2207.069517,80.0060732
532.8,-4217.367917,80.00658742
532.9,-1302.579924,80.00839249
533,-2460.777186,80.01004623
533.1,1717.841517,80.01048105
533.2,1762.369213,80.00920591
533.3,139.3637225,80.0071805
533.4,2286.083636,80.00592934
533.5,2207.678201,80.00620082
533.6,4447.528231,80.00779812
533.7,-393.026618,80.00946485
533.8,4401.631201,80.01029483
533.9,-1784.399099,80.00944702
534,-395.6582702,80.00789199
534.1,171.4531775,80.00662094
534.2,1613.554967,80.00649661
534.3,-981.6709468,80.00751159
534.4,1056.397039,80.00907215
534.5,4865.026711,80.00995187
534.6,-3496.061106,80.00936195
534.7,1700.984005,80.0081901
534.8,-1561.824412,80.00694541
534.9,417.1016884,80.00669554
535,228.0771338,80.00747014
535.1,3292.387071,80.00872449
535.2,-4850.494312,80.00940769
535.3,-2257.902672,80.00948242
535.4,1429.78886,80.00872143
535.5,461.3660069,80.00749952
535.6,4178.47719,80.00675144
535.7,-2333.86679,80.00679182
535.8,4700.866742,80.00792808
535.9,-2532.668546,80.00893694
536,3439.753688,80.00952143
536.1,1940.236658,80.00892276
536.2,-442.4840237,80.00768863
536.3,3171.013318,80.00679844
536.4,-4779.162998,80.00665883
536.5,-3392.510888,80.00777168
536.6,2069.49951,80.00920483
536.7,2078.263009,80.00967165
536.8,-633.6155048,80.00889074
536.9,824.211168,80.007564
537,2517.10093,80.00653159
537.1,4915.330326,80.00642447
537.2,1956.791522,80.00717651
537.3,-2204.882571,80.00839679
537.4,2538.627464,80.00940137
537.5,-3288.210713,80.00920817
537.6,-4957.460766,80.00828939
537.7,-43.08923848,80.00733992
537.8,-4200.831153,80.00675468
537.9,-3369.189444,80.00717264
538,4033.011836,80.00820859
538.1,2829.92008,80.00874833
538.2,2466.791471,80.008526
538.3,-635.7432369,80.00771552
538.4,-4936.583098,80.00704349
538.5,847.8720048,80.00717074
538.6,184.7842267,80.00766443
538.7,-4331.502337,80.00823655
538.8,440.2271264,80.00870732
538.9,-1102.685889,80.0084742
539,-2841.741078,80.00782089
539.1,-1142.305669,80.00729139
539.2,1268.613705,80.00715696
539.3,1590.533302,80.00739251
539.4,2093.198466,80.00782472
539.5,386.6128928,80.00812224
539.6,-2197.110768,80.00816735
539.7,3159.321657,80.0080525
539.8,-1280.903135,80.00756899
539.9,1861.016344,80.00732016
540,-1898.310616,80.00728399
540.1,-4906.524783,80.00769007
540.2,-3962.027155,80.008374
540.3,209.6006904,80.00878584
540.4,2758.803287,80.00843878
540.5,-2793.148522,80.00748972
540.6,-4447.212093,80.00691747
540.7,-4293.651292,80.0071697
540.8,-3397.260806,80.00804307
540.9,2237.637307,80.00887954
541,-2029.7789,80.00882327
541.1,-4493.974056,80.0081959
541.2,-221.9568264,80.00755995
541.3,-428.3810386,80.00714177
541.4,199.8848632,80.00728232
541.5,-535.1042354,80.00785377
541.6,-3496.884666,80.00850368
541.7,-2140.57614,80.00893757
541.8,3336.821347,80.00878494
541.9,1956.373997,80.00790972
542,777.7599598,80.00705891
542.1,1811.644657,80.00689286
542.2,-1688.250446,80.00746632
542.3,-4425.247288,80.00855999
542.4,4868.829888,80.00952845
542.5,423.9314913,80.00921678
542.6,-4983.425839,80.00816483
542.7,3561.926195,80.00738372
542.8,-4706.445201,80.00695671
542.9,-1224.495953,80.00766438
543,-103.4829696,80.00877306
543.1,761.7296119,80.00947757
543.2,2389.587274,80.00926946
543.3,1793.321989,80.00824743
543.4,362.6676907,80.0071949
543.5,-4644.12298,80.00692869
543.6,-3774.931067,80.00787717
543.7,4733.55642,80.00928949
543.8,-3117.242031,80.0097515
543.9,-1486.812563,80.00942523
544,1141.255198,80.00843524
544.1,1076.114674,80.00737719
544.2,-3740.671826,80.00702585
544.3,528.6214247,80.00787211
544.4,4540.284956,80.00906531
544.5,-1430.750222,80.00959728
544.6,3381.016393,80.00944938
544.7,4742.523362,80.0084646
544.8,-2409.858078,80.00731631
544.9,-2484.724022,80.00719091
545,-756.6412519,80.00812111
545.1,3130.480106,80.00935321
545.2,3979.142373,80.00983734
545.3,-2554.137789,80.00923438
545.4,2606.172938,80.00832988
545.5,1948.5642,80.00746104
545.6,-481.4877014,80.00730276
545.7,-2363.797523,80.00807231
545.8,1655.034552,80.00929434
545.9,-3834.289545,80.00988817
546,-2904.376941,80.00975762
546.1,-3863.243306,80.00892996
546.2,469.7483664,80.00805936
546.3,-4939.206298,80.00753663
546.4,-3240.257417,80.00803383
546.5,993.5930911,80.00907387
546.6,-680.9171735,80.00972514
546.7,-4174.934602,80.00966423
546.8,1874.144886,80.00912965
546.9,-1246.899383,80.00818875
547,3362.06559,80.00772035
547.1,-3763.626259,80.00780179
547.2,4733.462031,80.00877153
547.3,-4703.64708,80.00946686
547.4,-4196.469183,80.00995391
547.5,-57.55373512,80.00982481
547.6,2694.373791,80.00898972
547.7,4340.304727,80.00794809
547.8,-2498.447279,80.00737963
547.9,-1403.421721,80.00804442
548,2691.14057,80.00936597
548.1,-0.446687918,80.0102153
548.2,2492.516156,80.01018064
548.3,1719.034727,80.00916852
548.4,1816.657803,80.00796953
548.5,2567.701772,80.00742308
548.6,-4636.32381,80.00786549
548.7,-2694.281152,80.00934454
548.8,-2783.326827,80.01066586
548.9,626.0204807,80.01093211
549,1526.219201,80.00981183
549.1,1166.104281,80.00810067
549.2,-1285.342535,80.00704005
549.3,-2751.988046,80.0074901
549.4,-2663.085017,80.00917371
549.5,1530.11598,80.0108837
549.6,-3340.724636,80.01121866
549.7,2441.042279,80.01025677
549.8,-3402.423015,80.00838183
549.9,-4523.613974,80.00727054
550,1619.935113,80.00771991
550.1,-3750.550867,80.00907827
550.2,4491.571476,80.01070468
550.3,-158.1953676,80.01101487
550.4,1210.456372,80.01011977
550.5,4140.249863,80.00858269
550.6,-4820.554801,80.00736162
550.7,935.4565786,80.00779127
550.8,2218.716357,80.00919858
550.9,-34.17998787,80.01055913
551,-4463.056088,80.01105273
551.1,-583.6739603,80.01057197
551.2,191.7486429,80.00925729
551.3,2719.441516,80.00804152
551.4,-4346.437324,80.00766012
551.5,-572.0966382,80.00875099
551.6,4771.802071,80.01029569
551.7,-322.5863889,80.01096474
551.8,-1709.438966,80.01060915
551.9,-540.7013304,80.00954523
552,2432.739538,80.00847235
552.1,-2946.586911,80.00800588
552.2,-3286.206628,80.00876242
552.3,-1274.802329,80.01018165
552.4,4397.254032,80.01116327
552.5,4648.512499,80.01076198
552.6,-2450.425219,80.00931635
552.7,-4296.647915,80.0082294
552.8,-3761.512264,80.00831242
552.9,263.3784037,80.00945549
553,-3399.168378,80.01064679
553.1,177.0721633,80.0112762
553.2,-3948.151618,80.01072184
553.3,3415.760434,80.00964293
553.4,-1314.378598,80.00841806
553.5,-761.0952415,80.00820993
553.6,-1727.724432,80.00910072
553.7,2135.465446,80.01051278
553.8,767.7586031,80.0112582
553.9,3718.842295,80.01093549
554,2582.457665,80.00964364
554.1,3365.978337,80.00839181
554.2,1997.911025,80.00801514
554.3,-1109.397726,80.00883921
554.4,4352.416019,80.01041675
554.5,1056.025515,80.01133156
554.6,-1379.163739,80.01115851
554.7,395.0467498,80.010143
554.8,-449.2760801,80.00890611
554.9,-983.0782171,80.00837211
555,-2595.595237,80.00892312
555.1,-4169.14287,80.01023211
555.2,-784.2134944,80.01144103
555.3,-276.2005316,80.0115275
555.4,-2102.335355,80.01045398
555.5,-3950.30857,80.00909786
555.6,-2836.138503,80.00850557
555.7,3020.186493,80.00901902
555.8,274.3909207,80.00997593
555.9,1688.203512,80.01088456
556,3636.42753,80.01102894
556.1,-2562.496838,80.01023905
556.2,2115.644471,80.00942103
556.3,-2363.370726,80.00887591
556.4,-1171.784967,80.00924379
556.5,-4189.944807,80.01016659
556.6,-402.372305,80.01115691
556.7,-2671.330188,80.01131707
556.8,2953.526116,80.01070157
556.9,-86.56915048,80.00946571
557,-4967.712192,80.00868749
557.1,-2338.80842,80.00914391
557.2,1646.888315,80.01033916
557.3,-748.0889958,80.01124822
557.4,-3131.752558,80.01140061
557.5,4634.75578,80.01082497
557.6,-3659.608582,80.00954027
557.7,2958.55658,80.00894535
557.8,4460.44574,80.00906573
557.9,-3288.44767,80.00977823
558,1060.012973,80.01098668
558.1,-4361.96377,80.01157337
558.2,-1525.083318,80.01145384
558.3,-2075.320011,80.01055823
558.4,96.58227912,80.00958778
558.5,3258.365168,80.00912286
558.6,3343.384568,80.00934402
558.7,2264.43115,80.01010885
558.8,-1705.657116,80.0109346
558.9,3020.843555,80.01144463
559,1317.632737,80.01102751
559.1,-4546.592836,80.0101146
559.2,-4585.795612,80.00964856
559.3,-3466.848893,80.0099196
559.4,2670.650164,80.0106765
559.5,-4382.6862,80.01108444
559.6,193.0321591,80.01127519
559.7,4291.497897,80.01085409
559.8,-2794.84467,80.00995894
559.9,-2954.370802,80.00962425
560,-4110.073368,80.01004883
560.1,1996.909895,80.01099249
560.2,2064.612739,80.01147994
560.3,-53.69085588,80.01122741
560.4,-2382.214809,80.01054741
560.5,2115.712719,80.0100428
560.6,-1216.338047,80.00983173
560.7,-2993.554705,80.01026692
560.8,-2673.923903,80.01111384
560.9,-639.0376043,80.01175846
561,-305.0150607,80.01166712
561.1,3611.874361,80.01092995
561.2,4772.383245,80.00989272
561.3,-554.807971,80.00926496
561.4,-4657.569006,80.00976743
561.5,237.7174027,80.0112127
561.6,-4683.612082,80.01230605
561.7,2531.737721,80.01258399
561.8,915.8820081,80.01148214
561.9,3228.910322,80.0099398
562,-1704.211294,80.00892851
562.1,-2679.219059,80.00942272
562.2,365.2826908,80.01107657
562.3,-693.8159213,80.01255914
562.4,-964.1891327,80.01292037
562.5,4873.247403,80.01194818
562.6,4669.096526,80.01006008
562.7,3505.305833,80.00865062
562.8,3675.142265,80.00875963
562.9,-1883.948123,80.01026601
563,-3516.095913,80.01237211
563.1,4975.985913,80.01364033
563.2,1395.232983,80.01275524
563.3,-319.2527431,80.0106135
563.4,4319.147244,80.00880221
563.5,1907.72619,80.00833189
563.6,3154.067671,80.00965226
563.7,415.3464667,80.0117171
563.8,728.0652205,80.01320428
563.9,-3407.838847,80.01304037
564,4452.502727,80.01157624
564.1,3213.336951,80.00942566
564.2,-3445.861204,80.00820935
564.3,-4589.252327,80.00908145
564.4,-1563.866235,80.01139752
564.5,-3899.805713,80.01333872
564.6,-4034.617259,80.01368662
564.7,187.7327334,80.01221904
564.8,-4775.949614,80.00978265
564.9,614.8371965,80.00838447
565,3568.761176,80.00868028
565.1,169.0810524,80.0103155
565.2,1745.247322,80.01231235
565.3,2371.74895,80.01316367
565.4,1984.60332,80.01227215
565.5,-4772.004532,80.01031676
565.6,-3080.162438,80.00902759
565.7,1709.91008,80.00916516
565.8,-1541.282626,80.01037194
565.9,-4337.097215,80.01197908
566,-3592.895152,80.01297822
566.1,4211.174901,80.01263103
566.2,-2783.435405,80.01081847
566.3,-1198.85404,80.00925
566.4,860.1578585,80.00890035
566.5,-3326.871934,80.00990164
566.6,-4736.603126,80.0117601
566.7,1911.264559,80.01321245
566.8,2623.438862,80.01291156
566.9,2136.953248,80.0111171
567,-4226.756822,80.00915166
567.1,898.0933558,80.00872434
567.2,4255.030462,80.00981078
567.3,4296.977715,80.01148818
567.4,-695.5399717,80.01259316
567.5,59.69611232,80.01262022
567.6,3312.559788,80.01150281
567.7,4192.3613,80.00988459
567.8,1016.376412,80.00888186
567.9,2238.364572,80.00934821
568,193.3663456,80.01084011
568.1,-91.82994025,80.01239797
568.2,-3385.805845,80.01292402
568.3,4761.155685,80.01223019
568.4,743.602815,80.01038293
568.5,-2267.488887,80.00894695
568.6,314.2729566,80.00904061
568.7,1985.581632,80.01041052
568.8,1670.492909,80.01199577
568.9,-4025.674578,80.01269998
569,487.3628474,80.01232795
569.1,1107.376668,80.01088775
569.2,1679.654385,80.00939839
569.3,-48.74660403,80.00887064
569.4,715.8260773,80.00973878
569.5,888.8804148,80.01130898
569.6,-586.8678426,80.0124547
569.7,-3487.831097,80.01244902
569.8,22.74728614,80.01144913
569.9,2313.638161,80.0099703
570,-4683.434511,80.00895559
570.1,-4483.832889,80.00947212
570.2,220.6346417,80.01107068
570.3,-1793.577046,80.0123702
570.4,-4649.404925,80.01259852
570.5,-2548.576676,80.01175145
570.6,-3928.194819,80.01032199
570.7,-1170.314851,80.00941281
570.8,518.2942634,80.00950949
570.9,971.685078,80.01046497
571,1111.105641,80.01158954
571.1,4352.515042,80.01209588
571.2,2720.302938,80.01148251
571.3,131.4849058,80.01030765
571.4,-133.1884764,80.00952837
571.5,1501.277441,80.00968085
571.6,1969.957481,80.01055532
571.7,-924.6225683,80.01151085
571.8,-131.5048594,80.01202603
571.9,-202.1714464,80.01168854
572,2104.500624,80.01075863
572.1,341.9864622,80.00977895
572.2,-2233.530352,80.00953838
572.3,1055.381748,80.01030906
572.4,-2198.962712,80.01134538
572.5,2033.694585,80.0121018
572.6,304.8957304,80.01181595
572.7,4382.540253,80.01082117
572.8,-2645.972812,80.00960511
572.9,-865.0577282,80.00940381
573,974.7623028,80.01019951
573.1,2830.023355,80.01132917
573.2,4202.523646,80.01190741
573.3,1814.911154,80.01147474
573.4,3211.773316,80.01047525
573.5,274.1299874,80.00952235
573.6,-2697.302502,80.00942869
573.7,-3563.158493,80.01036426
573.8,3995.211175,80.01166928
573.9,-2485.778834,80.01202154
574,1515.145365,80.01156184
574.1,-4951.843913,80.01037336
574.2,4359.359406,80.00964979
574.3,-2246.469468,80.00936475
574.4,3587.659266,80.01009721
574.5,-2210.714327,80.01096632
574.6,4524.309407,80.01168468
574.7,68.19952981,80.01136197
574.8,-3770.502484,80.01050335
574.9,-835.245748,80.00987828
575,2024.713804,80.00973716
575.1,-635.0879165,80.01003326
575.2,-3922.611903,80.01069583
575.3,2661.748001,80.0113975
575.4,-4001.343925,80.01128241
575.5,-587.3477858,80.01082281
575.6,-1554.235102,80.01012648
575.7,-2029.358231,80.00975304
575.8,2576.211406,80.00997379
575.9,-1614.904053,80.01038232
576,-1692.416489,80.01092976
576.1,-4443.938131,80.01120627
576.2,731.82917,80.01116414
576.3,-147.1395954,80.01055954
576.4,-2975.180297,80.00990662
576.5,-3855.254151,80.0098057
576.6,4743.478675,80.01034915
576.7,3646.094985,80.01070451
576.8,-81.5925538,80.01073978
576.9,-1326.051697,80.01062122
577,3049.123701,80.010476
577.1,-3377.961814,80.01017543
577.2,-3404.201986,80.01028921
577.3,-4422.77072,80.01069271
577.4,-3507.486106,80.01115446
577.5,-318.9857748,80.01130461
577.6,-1193.916996,80.01089649
577.7,3837.046548,80.0103018
577.8,-758.6646945,80.00968761
577.9,-877.5205006,80.009759
578,1512.945991,80.01043793
578.1,-1916.725089,80.011122
578.2,-4398.575346,80.01152994
578.3,3144.164727,80.01149594
578.4,3976.568984,80.01066139
578.5,4194.919509,80.00963909
578.6,4012.179477,80.00914751
578.7,2700.464566,80.00953271
578.8,-3292.037578,80.01057227
578.9,724.4192323,80.01182121
579,-4685.962237,80.01215645
579.1,3032.678179,80.01166242
579.2,222.1464995,80.01027351
579.3,3616.217765,80.00917173
579.4,-2228.018389,80.00893045
579.5,3694.940716,80.01001939
579.6,868.619725,80.01130773
579.7,-1108.281136,80.01206649
579.8,3118.953811,80.01185304
579.9,256.7024879,80.01060196
580,4398.714844,80.00937583
580.1,-799.6192881,80.00879508
580.2,798.625064,80.0095359
580.3,2491.450458,80.01092956
580.4,3807.840831,80.0119002
580.5,-1619.153003,80.01170704
580.6,-3104.514116,80.01077982
580.7,2431.260141,80.00981139
580.8,2189.19448,80.00917676
580.9,3791.618295,80.00934821
581,-4271.309506,80.01009193
581.1,2101.135872,80.01128298
581.2,3790.598786,80.01168812
581.3,-1406.205835,80.0109772
581.4,-4101.469013,80.00992955
581.5,-3389.708576,80.00937552
581.6,-832.0363964,80.009628
581.7,-4035.714468,80.01035827
581.8,1746.92843,80.01121741
581.9,626.115932,80.01127903
582,3130.468371,80.01060217
582.1,3781.917868,80.00953214
582.2,2693.601003,80.00879807
582.3,1352.053623,80.00895445
582.4,3965.239729,80.00992172
582.5,3784.129512,80.01084856
582.6,-135.2929907,80.01109366
582.7,-3869.294053,80.01067751
582.8,-1225.154626,80.01005123
582.9,-1173.804023,80.00948163
583,1875.778985,80.00936465
583.1,-3782.604378,80.0096025
583.2,-4231.782411,80.01031527
583.3,-3566.979449,80.01096993
583.4,-223.5922009,80.01106345
583.5,2085.879704,80.01036779
583.6,-2619.806648,80.00928173
583.7,-1090.33386,80.00882175
583.8,4758.808096,80.00918453
583.9,1287.666567,80.00980464
584,1811.988273,80.01044886
584.1,4086.905694,80.01060754
584.2,-1375.998564,80.01005471
584.3,3592.130825,80.00947214
584.4,2942.779124,80.00896681
584.5,-711.2670251,80.00894014
584.6,-4264.890444,80.00956772
584.7,-13.69436971,80.01054083
584.8,-161.2716518,80.0109185
584.9,-492.6520751,80.01046959
585,-3.426691984,80.00952854
585.1,2407.587817,80.00872522
585.2,4328.434653,80.0084873
585.3,-1998.782534,80.00887336
585.4,-3538.043661,80.00992109
585.5,-3899.815361,80.01090904
585.6,-4196.77963,80.01114434
585.7,4724.762407,80.01048199
585.8,-918.2254951,80.00893874
585.9,-2615.896257,80.00794905
586,4631.601996,80.00823944
586.1,3334.740334,80.00919337
586.2,-3019.200642,80.01023212
586.3,-3705.184562,80.01093279
586.4,-3036.925615,80.01079793
586.5,-1608.808426,80.0098939
586.6,756.7919724,80.00879622
586.7,-597.3191679,80.00816252
586.8,856.7459257,80.00850878
586.9,-671.2273442,80.00948774
587,-1317.973275,80.01048575
587.1,-1176.831003,80.01082455
587.2,1001.326514,80.01026687
587.3,-705.2723345,80.00910902
587.4,-3512.125783,80.00827306
587.5,1701.966681,80.00847061
587.6,4954.006108,80.00925977
587.7,1980.664449,80.00994193
587.8,-972.6011315,80.01021018
587.9,3492.782488,80.01001228
588,3195.27184,80.0092436
588.1,2933.82177,80.00848912
588.2,-1257.506034,80.00827842
588.3,-4903.921117,80.00894992
588.4,-202.213924,80.01016667
588.5,1390.57922,80.01079547
588.6,1464.952043,80.01034853
588.7,1448.979018,80.00915827
588.8,2990.347691,80.00806521
588.9,-1226.35945,80.00774383
589,-1423.282263,80.00861821
589.1,-1104.995355,80.01002587
589.2,-1656.932475,80.01094374
589.3,1935.886772,80.01076059
589.4,-3551.02545,80.00943121
589.5,-2084.746322,80.00820449
589.6,1668.563316,80.0078226
589.7,3543.651276,80.00834918
589.8,-1853.011161,80.00931951
589.9,-3558.575445,80.010326
590,1022.493954,80.01071073
590.1,-4944.118028,80.0099672
590.2,4208.295326,80.00896877
590.3,-1180.450686,80.00791219
590.4,165.3147233,80.00786829
590.5,-1555.444676,80.00874249
590.6,-2358.665437,80.00999847
590.7,-2090.001994,80.01077811
590.8,3336.481461,80.01052618
590.9,-3756.092926,80.00916396
591,1346.194263,80.00806385
591.1,-4513.025498,80.00768687
591.2,-419.5413717,80.00861633
591.3,-1231.83443,80.00993358
591.4,-3441.270985,80.0107803
591.5,2558.556538,80.01068639
591.6,1659.731975,80.00942197
591.7,-4884.693948,80.00798419
591.8,2948.807589,80.00771763
591.9,609.1441985,80.00835103
592,-2113.45537,80.00959731
592.1,-844.3978037,80.01070143
592.2,-1793.88672,80.01081698
592.3,145.90299,80.00994562
592.4,2191.552356,80.00861912
592.5,3420.43904,80.00768972
592.6,-2681.046584,80.00775542
592.7,-349.9295774,80.00907418
592.8,-1266.406829,80.01054503
592.9,-4499.569316,80.01120143
593,-4261.496728,80.01076563
593.1,-2975.506525,80.00954108
593.2,661.8263366,80.00834865
593.3,3315.239217,80.00785839
593.4,-774.4751898,80.00829958
593.5,3395.485835,80.00958174
593.6,-2069.565541,80.01056156
593.7,-3188.04217,80.01087293
593.8,-1424.743196,80.01034345
593.9,4341.101576,80.00927449
594,894.1923249,80.00815237
594.1,-1309.595372,80.00798512
594.2,-369.4128456,80.0089704
594.3,1278.303357,80.01034223
594.4,4444.520608,80.01106217
594.5,-942.1369182,80.01049351
594.6,-4495.183644,80.00935914
594.7,-551.4988236,80.00861753
594.8,959.2719171,80.00856362
594.9,2483.110711,80.00917664
595,3641.71537,80.00995219
595.1,-3689.769394,80.01029837
595.2,-3954.206397,80.0103662
595.3,1653.081084,80.01008618
595.4,3333.778357,80.00937931
595.5,812.8509511,80.00870339
595.6,1585.935641,80.00867388
595.7,4820.32422,80.00924561
595.8,-4810.839845,80.00984597
595.9,4214.728791,80.01056551
596,-3053.211327,80.01037554
596.1,4677.231554,80.00985363
596.2,230.7245765,80.00892937
596.3,-2212.042723,80.00853022
596.4,2197.947557,80.00901906
596.5,904.585638,80.0097924
596.6,3370.818523,80.01039287
596.7,3346.914909,80.01026373
596.8,1598.875735,80.00951853
596.9,2304.482077,80.00877049
597,1430.26687,80.0084851
597.1,-1504.709421,80.00888955
597.2,348.7619131,80.00981865
597.3,1641.472856,80.01048587
597.4,-1765.711199,80.01036184
597.5,3691.879794,80.00971828
597.6,-576.2968006,80.00870262
597.7,4179.673153,80.00827172
597.8,-2233.324357,80.00843103
597.9,4517.532717,80.00939916
598,-3827.62182,80.01008071
598.1,-839.9259978,80.01045605
598.2,3363.754707,80.01004799
598.3,4625.354274,80.00894626
598.4,-1670.716855,80.00788042
598.5,261.817074,80.00790702
598.6,359.5633411,80.00882932
598.7,3181.073297,80.0099728
598.8,4298.900989,80.01036977
598.9,1628.930344,80.00969622
599,-2567.714982,80.00856483
599.1,4414.289714,80.00795114
599.2,967.2315307,80.00786822
599.3,-3739.663846,80.00855899
599.4,-2530.263149,80.00971935
599.5,3867.255416,80.01041436
599.6,-3038.220409,80.00982591
599.7,-3370.41947,80.00876301
599.8,3359.970492,80.0079338
599.9,1024.051433,80.00755031
600,1232.426179,80.00801508
600.1,3386.786249,80.00894112
600.2,1716.482153,80.00954124
600.3,-1084.446193,80.00947789
600.4,3712.83831,80.00891807
600.5,1673.478674,80.00797737
600.6,-3843.934051,80.00743151
600.7,-4999.597748,80.0078998
600.8,1760.652557,80.00903756
600.9,1287.531711,80.00966307
601,-454.5282644,80.00939562
601.1,743.4594332,80.00850651
601.2,-4677.306246,80.00753901
601.3,-1486.074206,80.00743868
601.4,3550.82456,80.00804619
601.5,-1291.62764,80.00866973
601.6,1614.253841,80.00913566
601.7,764.3005651,80.00892605
601.8,-4400.401935,80.00824619
601.9,2444.683461,80.00782458
602,-2205.067755,80.00755505
602.1,-573.763063,80.00789011
602.2,-3235.799488,80.00845799
602.3,-4081.991287,80.00899139
602.4,3972.447444,80.00913527
602.5,4924.194775,80.00837183
602.6,941.5916009,80.00724533
602.7,-4669.964341,80.00674885
602.8,1909.315887,80.00746759
602.9,-127.8816327,80.00849245
603,693.3990147,80.00923443
603.1,3957.240735,80.00911384
603.2,-654.9719794,80.00805825
603.3,1885.942261,80.00706794
603.4,-2968.416898,80.00666253
603.5,-182.7973803,80.00736495
603.6,-2275.571417,80.00847654
603.7,4471.199084,80.00932411
603.8,-2556.998119,80.00895005
603.9,4532.621498,80.00802968
604,-230.4830799,80.00679933
604.1,-3729.123915,80.00640077
604.2,4614.361371,80.00723286
604.3,3571.557928,80.008228
604.4,-2825.901703,80.00877704
604.5,-4929.920584,80.00880897
604.6,2824.745876,80.00836543
604.7,-4496.067082,80.00734497
604.8,4600.548209,80.00688531
604.9,1413.740346,80.0067761
605,734.0019596,80.00729487
605.1,-3629.06584,80.00806777
605.2,-3709.570639,80.00875481
605.3,3246.26754,80.0088433
605.4,18.53744733,80.00791809
605.5,1558.877289,80.00684589
605.6,50.58990561,80.00627131
605.7,264.5435814,80.00666307
605.8,-3816.027217,80.00769678
605.9,4030.563994,80.00883612
606,1689.044794,80.00884528
606.1,-2224.140711,80.00789801
606.2,-1132.925868,80.00685052
606.3,-1085.065094,80.00634797
606.4,3310.967455,80.00672715
606.5,-2569.986646,80.00747188
606.6,-3765.557026,80.00837219
606.7,2283.065434,80.00881106
606.8,1480.752792,80.00816704
606.9,-2987.833227,80.00698393
607,3486.953386,80.00631693
607.1,-4774.435912,80.00625711
607.2,-3944.37557,80.00729059
607.3,-3120.211241,80.00857398
607.4,-1390.325663,80.0091655
607.5,2796.584283,80.00858203
607.6,2192.042818,80.00705293
607.7,1663.640727,80.00572408
607.8,809.6930877,80.00554316
607.9,-1488.274437,80.00665146
608,-3428.457136,80.00835627
608.1,-2079.092575,80.0095347
608.2,-3308.904804,80.00929049
608.3,-2763.032456,80.00789562
608.4,1713.515062,80.00631787
608.5,-952.3493126,80.0054454
608.6,3865.103446,80.00604462
608.7,793.6228047,80.00740821
608.8,-1581.521247,80.00875568
608.9,-627.5958594,80.00924752
609,1996.390958,80.00849452
609.1,3342.828573,80.00692215
609.2,2919.824518,80.00559547
609.3,3490.677824,80.00546676
609.4,-2177.804092,80.00656644
609.5,-2353.382542,80.00838803
609.6,-3300.390592,80.00961058
609.7,335.3205115,80.00943428
609.8,-4268.162828,80.00781697
609.9,4987.35656,80.00617764
610,2501.708943,80.00516338
610.1,-3777.79223,80.00565574
610.2,-3354.00422,80.00758372
610.3,-748.9300872,80.00950796
610.4,2732.024494,80.00995219
610.5,-2864.322051,80.00847417
610.6,-660.7169172,80.00645557
610.7,-4669.227511,80.00517501
610.8,4293.214758,80.00573746
610.9,-3939.569056,80.00723454
611,-2337.132118,80.00908096
611.1,-179.5128338,80.00984927
611.2,2927.802418,80.00892933
611.3,-2424.755212,80.00685954
611.4,-2860.84223,80.00541068
611.5,-2175.355133,80.00558108
611.6,-1193.72397,80.00719093
611.7,-2918.766866,80.00904908
611.8,4285.276411,80.00995518
611.9,2640.635785,80.00892558
612,1165.630899,80.00685726
612.1,758.5270031,80.00529093
612.2,-1436.658626,80.00533098
612.3,4078.477956,80.00703318
612.4,-3020.99476,80.00888217
612.5,-3858.933099,80.00998156
612.6,2911.404869,80.00957984
612.7,1981.625663,80.00764268
612.8,-4817.48797,80.00565155
612.9,2479.68973,80.00534858
613,-3854.706394,80.00650332
613.1,3949.636835,80.00865448
613.2,1546.287791,80.00984395
613.3,-1541.094536,80.00943387
613.4,-1175.870144,80.00788913
613.5,-2849.508365,80.00627994
613.6,-1687.084081,80.00582787
613.7,-4822.148885,80.00676421
613.8,4143.681484,80.00858295
613.9,2854.699501,80.00952542
614,-1065.490579,80.0090788
614.1,2299.834326,80.00778169
614.2,3315.510083,80.00636819
614.3,3777.967281,80.00580349
614.4,-3703.907048,80.00645044
614.5,-1565.751134,80.00821781
614.6,4420.695062,80.00969136
614.7,-1378.085286,80.00955358
614.8,-1479.3951,80.00826623
614.9,-4193.448033,80.00672239
615,718.912592,80.00614833
615.1,2763.934195,80.00666271
615.2,3442.014218,80.00781339
615.3,-67.04509029,80.00876121
615.4,3173.16757,80.00902905
615.5,1427.342997,80.0082528
615.6,-646.2472098,80.00710205
615.7,-1476.855383,80.00648035
615.8,-1508.430092,80.00683801
615.9,-2184.554579,80.00789875
616,4191.185906,80.00893863
616.1,1261.52471,80.0088979
616.2,2445.800881,80.00801225
616.3,-3424.599026,80.00683428
616.4,2764.176804,80.00649664
616.5,-2480.447398,80.00686123
616.6,1120.577499,80.00796081
616.7,3546.031182,80.00878945
616.8,-1853.924886,80.00866503
616.9,1084.44453,80.00797772
617,-3740.778448,80.00702915
617.1,-1263.382345,80.00674787
617.2,-3667.066185,80.00715689
617.3,-2381.373219,80.00809255
617.4,-3739.690119,80.00880863
617.5,-2971.826903,80.00888782
617.6,2505.248379,80.00824417
617.7,-4290.498653,80.00707309
617.8,-410.8625908,80.00659269
617.9,4632.435697,80.00689247
618,-2653.241198,80.00752051
618.1,-3024.820643,80.00844003
618.2,1839.460538,80.00898127
618.3,-4186.735148,80.00852898
618.4,3542.364826,80.00776562
618.5,-3474.373668,80.00680725
618.6,-3798.2334,80.00674386
618.7,3091.238289,80.00758474
618.8,4441.926293,80.00837983
618.9,-4544.796655,80.00855584
619,-4397.376259,80.00847663
619.1,3297.222098,80.00814825
619.2,-3588.2066,80.00742377
619.3,3011.678163,80.00722894
619.4,-2725.115003,80.00731998
619.5,-1007.85435,80.00797235
619.6,991.9409808,80.00860551
619.7,1552.063858,80.00869612
619.8,-4462.731979,80.00818543
619.9,4863.635572,80.00776408
620,3123.052049,80.00722146
620.1,-864.2042968,80.00709529
620.2,-4681.615964,80.00766487
620.3,-3919.51302,80.00869499
620.4,4744.670149,80.00940227
620.5,3671.191218,80.00887016
620.6,1710.795721,80.00761255
620.7,3343.689068,80.006623
620.8,-2617.827727,80.00649659
620.9,2169.387581,80.00762201
621,897.0801094,80.00890669
621.1,-2774.6012,80.009544
621.2,-2722.376644,80.00928105
621.3,-4984.26381,80.00829656
621.4,-521.8600787,80.00741523
621.5,-902.3424731,80.00701761
621.6,4330.054419,80.00742861
621.7,-4775.383174,80.00808246
621.8,134.989291,80.00902174
621.9,-1234.985714,80.00928327
622,3595.105535,80.00880664
622.1,2938.721645,80.00769268
622.2,1094.681861,80.00680357
622.3,-1681.963465,80.00685152
622.4,1240.051094,80.00791829
622.5,1538.730523,80.00907358
622.6,1443.897852,80.00951215
622.7,-2408.802285,80.00894884
622.8,-4739.997,80.00799497
622.9,4870.415749,80.00742409
623,-2922.507095,80.00712642
623.1,1423.25241,80.00776663
623.2,603.2468218,80.00861031
623.3,-1230.665383,80.0091344
623.4,-3793.092695,80.00906912
623.5,-508.9321618,80.00859484
623.6,-3622.844172,80.00787307
623.7,858.0011902,80.00760061
623.8,426.0032137,80.00771888
623.9,-163.9872674,80.00819532
624,3865.99726,80.00872402
624.1,-4184.05272,80.00873016
624.2,-1374.069846,80.00866177
624.3,-3991.908603,80.00838097
624.4,-2007.888577,80.00824866
624.5,3416.679361,80.00824757
624.6,4130.021971,80.00812203
624.7,3279.27072,80.00796843
624.8,4702.988802,80.00794825
624.9,3132.800543,80.00799709
625,2978.72303,80.00816752
625.1,3397.958422,80.00833212
625.2,-512.7969922,80.00834713
625.3,1420.95194,80.00839968
625.4,1939.260879,80.00832058
625.5,3157.593984,80.00814418
625.6,-317.9070425,80.00792599
625.7,-3063.663024,80.00799274
625.8,-984.4525186,80.00839919
625.9,4306.519432,80.00872078
626,-327.9119149,80.0084665
626.1,-1215.554474,80.00808427
626.2,175.9551117,80.00784926
626.3,-2722.437516,80.00783577
626.4,3992.6732,80.00819599
626.5,4858.473847,80.00829938
626.6,-3630.059808,80.00806436
626.7,-415.1906145,80.00808809
626.8,1891.342307,80.00811919
626.9,-2209.847517,80.00802606
627,-907.2172716,80.00808854
627.1,2399.316508,80.00815673
627.2,-4687.449317,80.00801126
627.3,-1960.675524,80.00813095
627.4,-3073.532939,80.00823512
627.5,3131.894371,80.00831937
627.6,-2251.313286,80.007996
627.7,2177.609702,80.00780825
627.8,-913.7353049,80.00761967
627.9,2850.730227,80.00774259
628,2222.929172,80.00786697
628.1,770.5913837,80.00795372
628.2,1329.38573,80.0080041
628.3,2985.958396,80.00793605
628.4,-4997.246508,80.00770723
628.5,1277.947541,80.00788838
628.6,-1535.686407,80.00796427
628.7,-281.4349929,80.00805793
628.8,-77.92609049,80.00801334
628.9,296.1971496,80.00785397
629,-1814.507096,80.00766797
629.1,3579.245554,80.00768898
629.2,-3619.980281,80.00760179
629.3,-1008.575645,80.00786362
629.4,-1130.870211,80.00809937
629.5,3464.363738,80.00816187
629.6,-4438.652419,80.00776966
629.7,-431.2098936,80.00763351
629.8,2655.317722,80.00758545
629.9,-2075.050919,80.00752082
630,4619.206283,80.00774194
630.1,4999.99946,80.00771157
630.2,4990.921412,80.00747046
630.3,2416.165754,80.00718276
630.4,-1502.173746,80.00716765
630.5,2965.846969,80.00759877
630.6,-3009.995398,80.00789653
630.7,1007.343859,80.00817243
630.8,428.2451912,80.00797569
630.9,-2483.071567,80.00749293
631,-2983.83077,80.00719843
631.1,756.2407086,80.0072895
631.2,137.5901118,80.0074894
631.3,2477.008401,80.00770016
631.4,1080.19851,80.00763898
631.5,4896.351788,80.00742738
631.6,2984.503348,80.0069982
631.7,547.7757312,80.00676069
631.8,-3533.28553,80.0069712
631.9,-3929.896005,80.00764865
632,237.8451243,80.00828859
632.1,-2536.995522,80.00821466
632.2,716.2696289,80.0076483
632.3,-1656.346338,80.00680089
632.4,1787.094286,80.00640242
632.5,-4306.333884,80.00652205
632.6,3446.40701,80.00738937
632.7,3762.618,80.0079392
632.8,-1679.273279,80.00781457
632.9,-3545.996267,80.00738419
633,2440.746053,80.00700613
633.1,1618.910444,80.00661694
633.2,-972.163368,80.0065586
633.3,850.2739649,80.00698198
633.4,554.5273496,80.00746108
633.5,-58.83590088,80.00767488
633.6,1145.013881,80.00749719
633.7,4248.297689,80.00698339
633.8,1139.26125,80.00633605
633.9,-2436.163704,80.00617481
634,-4603.367219,80.00675157
634.1,1207.141958,80.00772382
634.2,-1565.107296,80.00808184
634.3,-4758.332008,80.00775504
634.4,-3286.0649,80.00712338
634.5,1107.231419,80.00653484
634.6,-761.5467141,80.00618202
634.7,684.3757796,80.00642728
634.8,2303.727002,80.00699843
634.9,-1260.269147,80.00741152
635,-1343.561446,80.00756805
635.1,-1237.230555,80.00734131
635.2,-4133.942336,80.00688858
635.3,831.1525946,80.00667875
635.4,-818.3430675,80.00658239
635.5,-3891.934752,80.00678079
635.6,-1747.375995,80.00727786
635.7,1851.647518,80.0075946
635.8,639.8357058,80.00734659
635.9,3718.707598,80.00680657
636,318.6020932,80.00619546
636.1,4745.380045,80.00613594
636.2,-4397.58711,80.00640974
636.3,-246.5579031,80.0073112
636.4,-3898.677825,80.00792605
636.5,4921.788252,80.00804227
636.6,495.1500592,80.00711504
636.7,1987.04542,80.00609443
636.8,-3727.628379,80.00559057
636.9,-250.1580609,80.00624528
637,-4406.529953,80.00736285
637.1,-548.9272464,80.0083864
637.2,4179.770043,80.00838019
637.3,-604.8917051,80.00715312
637.4,3585.111666,80.00586295
637.5,4971.767301,80.00516951
637.6,493.0233143,80.00549866
637.7,-3757.156943,80.00683156
637.8,3463.25356,80.00839855
637.9,-3097.421107,80.00869672
638,1643.455865,80.00791717
638.1,1562.725765,80.00633845
638.2,4731.931705,80.00510992
638.3,-423.8356955,80.00491501
638.4,-3406.533477,80.00614398
638.5,-3608.149383,80.00801969
638.6,-2166.672837,80.00920109
638.7,4729.635245,80.00879543
638.8,979.5634011,80.00677037
638.9,3522.081803,80.00480477
639,-4371.13963,80.00411299
639.1,4256.232162,80.00556614
639.2,4493.941017,80.00760679
639.3,-333.3240726,80.00882651
639.4,-2177.687719,80.00862343
639.5,-397.4946008,80.00721985
639.6,-691.7557333,80.005509
639.7,3661.390272,80.00471139
639.8,-3013.693838,80.00513319
639.9,-1152.341764,80.00681303
640,2591.964196,80.00840354
640.1,3142.245933,80.00860369
640.2,1727.388341,80.00728492
640.3,2215.852541,80.00546344
640.4,1833.649067,80.00437662
640.5,-1860.136561,80.00477828
640.6,-3315.173415,80.00652869
640.7,1880.41943,80.00841274
640.8,4209.356675,80.00882078
640.9,-3342.355079,80.00739512
641,-4961.815728,80.00555542
641.1,-3236.93809,80.0046208
641.2,-3218.481554,80.00512047
641.3,-3019.475056,80.00667998
641.4,1682.736034,80.00817262
641.5,1744.521617,80.00831264
641.6,174.8220414,80.00705123
641.7,-1765.950516,80.00537535
641.8,-330.3261592,80.00455187
641.9,-1791.757218,80.00505195
642,-4063.562541,80.00658071
642.1,3704.376225,80.00815374
642.2,-548.7905189,80.00825741
642.3,-3522.251415,80.00711299
642.4,1520.462891,80.00567142
642.5,4419.814571,80.00467247
642.6,3823.502664,80.00468993
642.7,1609.272275,80.00573693
642.8,-2960.867289,80.00716365
642.9,-3296.533543,80.00817695
643,-4839.254231,80.00805933
643.1,-3345.862389,80.00699038
643.2,-3909.168089,80.00565287
643.3,-1388.075723,80.00503136
643.4,611.3308974,80.00542149
643.5,4638.392036,80.00645143
643.6,-2545.056309,80.00720019
643.7,-4761.391063,80.00754589
643.8,-4699.597685,80.00732866
643.9,3861.716161,80.00670385
644,3863.51712,80.0056903
644.1,4132.235022,80.0050673
644.2,474.0123616,80.00525491
644.3,-3274.238682,80.00629729
644.4,-129.5207837,80.00761912
644.5,3144.187903,80.00810886
644.6,4366.087382,80.00729543
644.7,830.6353939,80.00573275
644.8,489.0651235,80.0047165
644.9,-282.4696038,80.00494037
645,2533.368425,80.00625779
645.1,-1676.877219,80.00757256
645.2,-3275.413242,80.00819278
645.3,129.6367148,80.00775009
645.4,-1195.735012,80.00638973
645.5,3281.64874,80.00517053
645.6,4670.378282,80.0047052
645.7,-4952.221462,80.00525841
645.8,-1986.104263,80.00691888
645.9,-454.3401839,80.00828767
646,3904.529977,80.00835101
646.1,3435.324779,80.00687503
646.2,-2496.439632,80.00497046
646.3,2339.108441,80.0042743
646.4,3395.563135,80.00496082
646.5,-770.3882436,80.00649176
646.6,2084.789596,80.00798989
646.7,-941.2588207,80.0082259
646.8,263.0008688,80.00722244
646.9,255.602745,80.00561682
647,-4084.664909,80.00454409
647.1,-963.1212409,80.00495893
647.2,2821.303498,80.00634906
647.3,-2352.110514,80.00754231
647.4,-1921.410741,80.00798891
647.5,-3150.320327,80.00733124
647.6,2566.264457,80.00611378
647.7,1206.72657,80.00489788
647.8,1453.458269,80.0046371
647.9,-1726.867238,80.00546999
648,-3457.675757,80.00695145
648.1,-3156.449575,80.00809671
648.2,-448.0078656,80.00808325
648.3,331.8036698,80.00680746
648.4,-3375.720968,80.00516587
648.5,4257.695637,80.00451169
648.6,-909.423938,80.00487264
648.7,-4688.125611,80.00628917
648.8,-3327.146391,80.00791156
648.9,650.6130964,80.00851117
649,4854.310858,80.0074996
649.1,-3597.409669,80.00543179
649.2,-1664.301114,80.00423862
649.3,-1908.81518,80.00459185
649.4,-1456.736557,80.00624499
649.5,-3371.320194,80.00799801
649.6,-1778.497303,80.0087311
649.7,-1204.176013,80.00786819
649.8,1413.757548,80.00603731
649.9,1023.10804,80.00442135
650,-4623.171831,80.00419526
650.1,-1648.968755,80.00578792
650.2,-4217.859208,80.00787448
650.3,440.2874529,80.00914937
650.4,-88.77975172,80.00849817
650.5,-2121.287131,80.00648743
650.6,-2472.815303,80.00466923
650.7,-606.7956125,80.00433636
650.8,1586.140048,80.00561442
650.9,-1744.21273,80.00749539
651,-4983.356521,80.00885248
651.1,4726.959523,80.00890986
651.2,-3991.302209,80.00715618
651.3,-1816.234,80.00538073
651.4,4555.155155,80.004682
651.5,-1507.309213,80.00523638
651.6,-3345.935926,80.00699948
651.7,4854.891677,80.00878802
651.8,-3835.579291,80.00893707
651.9,-4581.150142,80.00788757
652,4609.558685,80.00640102
652.1,2852.811561,80.00507268
652.2,-2796.095995,80.00499481
652.3,-3985.390276,80.00649169
652.4,-2454.371684,80.00852753
652.5,-624.8925978,80.00960032
652.6,-2569.891954,80.00891475
652.7,-2174.064837,80.00711791
652.8,492.2843471,80.00548042
652.9,3823.021152,80.00503572
653,3516.493406,80.00594066
653.1,1704.681151,80.00759103
653.2,576.103905,80.00892374
653.3,2578.331645,80.00907284
653.4,4019.963932,80.00786089
653.5,3533.801212,80.00611282
653.6,2596.97385,80.00510487
653.7,-2660.499619,80.00557823
653.8,4982.900745,80.00743933
653.9,-2387.174963,80.00893745
654,-1249.598677,80.00945715
654.1,-2004.970832,80.00855184
654.2,2455.22213,80.00693275
654.3,4918.347304,80.00551889
654.4,2663.133581,80.00520025
654.5,-713.9039299,80.00630817
654.6,1416.650087,80.0081947
654.7,-361.9905586,80.00939031
654.8,-3975.318688,80.00917181
654.9,-3181.196311,80.0078907
655,3633.607043,80.0064014
655.1,33.57587617,80.00540816
655.2,4309.750721,80.00582305
655.3,3980.360068,80.00708486
655.4,-2088.338703,80.00833217
655.5,1291.411555,80.00899342
655.6,4753.997768,80.00839976
655.7,440.48948,80.00682766
655.8,3306.690551,80.00562932
655.9,-4451.901219,80.00545167
656,-3103.780988,80.00680216
656.1,4752.939376,80.00857853
656.2,2652.091318,80.00912678
656.3,3698.775712,80.00823287
656.4,-4676.611866,80.00647115
656.5,184.3728429,80.00551337
656.6,-1245.629995,80.00570165
656.7,4696.669928,80.00697434
656.8,-3068.525869,80.00809481
656.9,-2714.28753,80.00870315
657,969.4749238,80.00830576
657.1,3965.044016,80.00700496
657.2,494.7847759,80.00558884
657.3,-4152.271682,80.0052354
657.4,2769.840596,80.0063757
657.5,2710.899267,80.00778862
657.6,2083.984016,80.00851412
657.7,-4480.642848,80.00807574
657.8,3835.646836,80.00712148
657.9,-4283.634997,80.00585087
658,4946.611482,80.00561469
658.1,-2300.827171,80.00602342
658.2,-2.268508543,80.00719371
658.3,1873.176911,80.008116
658.4,2484.348573,80.00805543
658.5,4446.474509,80.00704054
658.6,1897.073703,80.00568846
658.7,4117.731438,80.00507715
658.8,-3287.72813,80.00547063
658.9,3153.318753,80.00694529
659,-2171.72495,80.00805116
659.1,-181.2275523,80.00831294
659.2,4108.528103,80.00740895
659.3,2031.831563,80.00576804
659.4,-1006.920666,80.00466479
659.5,-3315.640808,80.00498101
659.6,4024.936077,80.00654529
659.7,-2899.358383,80.00782767
659.8,483.6513221,80.00831489
659.9,-1272.229932,80.00744521
660,-2368.473433,80.00594607
660.1,3067.017215,80.00490704
660.2,-2641.66186,80.0047451
660.3,1589.120965,80.00586546
660.4,-1643.944707,80.00719014
660.5,221.3083139,80.00796321
660.6,-471.168638,80.00752306
660.7,1068.701793,80.00623371
660.8,1671.042878,80.00491679
660.9,-4782.341164,80.00445855
661,3192.049334,80.00548207
661.1,-1226.844888,80.0067801
661.2,417.9625751,80.00770032
661.3,4696.999038,80.00748036
661.4,2462.838868,80.00607345
661.5,2932.860534,80.00461204
661.6,2586.989485,80.00406357
661.7,-467.7177665,80.0047941
661.8,-932.5017994,80.00639926
661.9,-2557.742441,80.00772116
662,2022.796346,80.00789978
662.1,-2861.80688,80.00656897
662.2,1611.7731,80.00495
662.3,-929.5077091,80.00390527
662.4,-2236.066431,80.00429569
662.5,-1568.512249,80.00585433
662.6,-1985.370143,80.00740985
662.7,1884.009217,80.00788539
662.8,4542.91556,80.00675617
662.9,2781.818471,80.0047187
663,4023.039005,80.00330775
663.1,-4783.4389,80.00340582
663.2,4742.401233,80.00535337
663.3,-4462.479944,80.00718958
663.4,-900.4203304,80.00814216
663.5,-3364.493343,80.00730449
663.6,2960.380543,80.00543135
663.7,-4884.213717,80.0035019
663.8,1020.063942,80.00329569
663.9,4214.678364,80.00456084
664,-3900.728854,80.00624391
664.1,450.1535303,80.00757984
664.2,-4269.615924,80.00735462
664.3,565.1712863,80.00601441
664.4,-1166.191807,80.004234
664.5,-185.7018309,80.00337947
664.6,-1090.671344,80.00396274
664.7,-913.2747612,80.00559281
664.8,591.0876885,80.00708687
664.9,4410.780645,80.00731978
665,1990.295494,80.00596024
665.1,896.3593402,80.0041298
665.2,-4888.568595,80.00314954
665.3,-2172.376163,80.00396827
665.4,-1126.170171,80.00579512
665.5,2457.94353,80.00728909
665.6,656.9014749,80.00722842
665.7,543.0883474,80.00579407
665.8,-2314.144605,80.0040048
665.9,-3828.368168,80.00325923
666,-3383.795856,80.00411391
666.1,-1456.947516,80.00590489
666.2,3083.099741,80.00726421
666.3,-2342.659802,80.00702873
666.4,-3083.290028,80.00570007
666.5,-855.5077323,80.00423498
666.6,1481.543205,80.0035464
666.7,296.6459539,80.00399896
666.8,-4271.452403,80.00533108
666.9,-300.5420628,80.00682191
667,-1210.448708,80.00719744
667.1,-4011.427825,80.00629329
667.2,-67.4523623,80.00491195
667.3,-3671.853248,80.0038194
667.4,-2837.544897,80.00399379
667.5,-617.0922078,80.00523483
667.6,-1468.736951,80.00655756
667.7,4938.056851,80.00710542
667.8,3921.49101,80.00619001
667.9,-1500.601446,80.00458284
668,-608.4954904,80.00370147
668.1,3016.292121,80.00407723
668.2,4821.682167,80.00525004
668.3,-1987.816602,80.00631818
668.4,766.378248,80.00689777
668.5,519.2141633,80.00641161
668.6,-3567.557241,80.00525304
668.7,65.44882202,80.00445661
668.8,-1.648336184,80.00436567
668.9,2296.413755,80.00506063
669,-4174.024476,80.00592517
669.1,-2829.372924,80.00669924
669.2,-3270.729328,80.00673882
669.3,-1147.810661,80.00606932
669.4,-1253.784516,80.00507176
669.5,-2356.360633,80.0044804
669.6,-3353.152554,80.00476875
669.7,3565.029706,80.00577505
669.8,-2545.728943,80.00643444
669.9,3933.653333,80.00666063
670,2911.563156,80.00594648
670.1,4641.965101,80.00491323
670.2,-2492.542345,80.0042027
670.3,-2159.189734,80.00468676
670.4,498.1370249,80.00594728
670.5,2188.97798,80.00695934
670.6,152.9044356,80.00695531
670.7,-135.1509081,80.00607735
670.8,-1481.312265,80.0049637
670.9,3584.763617,80.00447051
671,-877.8958748,80.00466789
671.1,-4795.968532,80.00566705
671.2,4156.874823,80.00692903
671.3,4595.150016,80.00708766
671.4,686.3199154,80.00608949
671.5,4978.818661,80.00485847
671.6,-994.7714284,80.00401495
671.7,876.6028173,80.00447006
671.8,3063.549846,80.00574205
671.9,-917.7465299,80.00681848
672,-4565.927628,80.00715979
672.1,454.3524121,80.00669729
672.2,-3699.00952,80.00548737
672.3,746.9918606,80.0046333
672.4,4692.200473,80.00447189
672.5,1813.355869,80.00492671
672.6,-2927.908692,80.00583452
672.7,638.6212193,80.00676994
672.8,3306.832196,80.006861
672.9,-2071.276217,80.00594126
673,-1939.383599,80.00496021
673.1,4779.844661,80.00456068
673.2,4849.219792,80.00466339
673.3,837.0517454,80.00521719
673.4,-1671.314587,80.00602036
673.5,215.7329653,80.00659761
673.6,-4176.05299,80.00642652
673.7,3077.397308,80.00586868
673.8,1816.561412,80.00491591
673.9,947.643335,80.0043438
674,-2958.469446,80.0045717
674.1,-2995.975524,80.0056085
674.2,-3360.634981,80.00668165
674.3,-2192.123838,80.00705165
674.4,-3025.350714,80.00640778
674.5,2930.547883,80.00526938
674.6,3718.265723,80.00413315
674.7,2892.003776,80.00378953
674.8,-4092.544769,80.004506
674.9,-3399.924421,80.00610658
675,-2529.742703,80.00737073
675.1,2614.397019,80.00737883
675.2,170.6978004,80.00589217
675.3,-1082.068191,80.00413726
675.4,3679.914735,80.00339603
675.5,-1673.054857,80.00391499
675.6,967.0257689,80.00560708
675.7,2802.098369,80.00709347
675.8,4867.29003,80.0072565
675.9,4543.537097,80.00590775
676,3227.986576,80.0040413
676.1,2770.385215,80.00302695
676.2,1864.307698,80.00355862
676.3,3419.484738,80.00526053
676.4,1279.983575,80.00681439
676.5,2683.939225,80.00723385
676.6,-1033.44722,80.00614064
676.7,852.573363,80.00450647
676.8,-799.4873569,80.00334467
676.9,3015.992003,80.00353433
677,-222.4128205,80.00468915
677.1,1907.725128,80.00614859
677.2,3136.223549,80.00673266
677.3,509.1895002,80.00597588
677.4,-2052.069384,80.00455107
677.5,869.8603678,80.00355853
677.6,-256.7985725,80.00349553
677.7,3986.392123,80.00444035
677.8,-707.5861728,80.00546352
677.9,-2400.806787,80.00608829
678,-359.6715421,80.00591765
678.1,-4999.608458,80.00494878
678.2,1580.646064,80.00410491
678.3,-4081.595582,80.0035904
678.4,623.0612498,80.00407235
678.5,1790.425194,80.00490207
678.6,1676.233274,80.00544577
678.7,2452.640248,80.00532467
678.8,1524.651626,80.00457813
678.9,4819.884389,80.0037741
679,-2203.080401,80.00328135
679.1,2827.693926,80.00379609
679.2,-4948.184201,80.0046146
679.3,-4131.874102,80.00556501
679.4,-4408.02834,80.00587005
679.5,4267.694805,80.00533292
679.6,-2853.405512,80.00388745
679.7,2813.562005,80.00296819
679.8,-2463.386332,80.00286075
679.9,-2134.088081,80.00391621
680,2381.624238,80.00531071
680.1,-2041.427268,80.00582087
680.2,-268.0966422,80.00534957
680.3,4099.734076,80.00411693
680.4,4230.613308,80.0027776
680.5,3917.861995,80.00227846
680.6,-2493.453677,80.00295273
680.7,2524.057779,80.00461309
680.8,1839.095679,80.00576308
680.9,-318.930254,80.00565495
681,-260.7789893,80.00447548
681.1,-2912.473142,80.00303582
681.2,63.90061931,80.00246711
681.3,3977.708732,80.00296534
681.4,3350.662644,80.00396247
681.5,4587.060809,80.00478792
681.6,4731.015907,80.00477802
681.7,4184.356937,80.00393139
681.8,-3512.963116,80.00285793
681.9,-2371.097467,80.00267477
682,-1035.121407,80.00335913
682.1,2714.506228,80.00432873
682.2,2706.179399,80.00469117
682.3,2757.157422,80.00420263
682.4,-455.2158785,80.0031917
682.5,-813.27047,80.00251269
682.6,1363.210029,80.002605
682.7,1470.95972,80.00324814
682.8,2420.021117,80.00396145
682.9,3294.920054,80.00416763
683,-2278.645671,80.0036633
683.1,2802.213606,80.00307523
683.2,-3195.918369,80.00249193
683.3,-3800.031114,80.00263034
683.4,2877.070181,80.00334538
683.5,4918.532311,80.00375422
683.6,-4227.449912,80.00348675
683.7,-750.67465,80.00319572
683.8,3411.158174,80.00282412
683.9,1335.422628,80.00241688
684,4448.105166,80.002365
684.1,-696.4681603,80.00249711
684.2,4459.629059,80.00296956
684.3,2985.587659,80.00311821
684.4,-1228.210393,80.00292004
684.5,-2532.082641,80.00269301
684.6,3287.048018,80.00260452
684.7,-4583.965847,80.0023767
684.8,-2713.991789,80.00257977
684.9,-4059.99796,80.00289012
685,3614.293741,80.00314386
685.1,-4565.089159,80.00274024
685.2,4546.512901,80.00241805
685.3,3242.321065,80.00186216
685.4,3690.136237,80.0015662
685.5,119.7418362,80.001675
685.6,2501.040221,80.00226195
685.7,4982.993668,80.00273411
685.8,-825.422977,80.00262076
685.9,-2883.974709,80.00229321
686,-962.9268134,80.00202289
686.1,-3910.952545,80.00185797
686.2,-1379.427098,80.00204791
686.3,-4031.234649,80.00228076
686.4,-2960.738329,80.00252233
686.5,-1129.09884,80.00251322
686.6,3235.794137,80.0021613
686.7,3992.066304,80.00149191
686.8,4658.366791,80.00095061
686.9,3170.653204,80.00086367
687,-831.6074013,80.00133952
687.1,3174.406475,80.00220409
687.2,2249.633203,80.00258894
687.3,-414.7586717,80.00227933
687.4,-848.9958317,80.00160835
687.5,927.0562026,80.00103132
687.6,1033.597619,80.00083048
687.7,1675.18738,80.00111825
687.8,4874.301837,80.00162438
687.9,2390.970549,80.00180201
688,-4957.978544,80.00164915
688.1,1254.614255,80.00160862
688.2,-3698.223302,80.00131415
688.3,3960.955454,80.00124165
688.4,1778.323514,80.00098852
688.5,-1716.703259,80.00086744
688.6,-2631.670459,80.00109768
688.7,-485.4044483,80.00150969
688.8,1807.436681,80.00167146
688.9,-2411.705841,80.00134682
689,-3540.070298,80.00097895
689.1,2038.495139,80.00083596
689.2,987.7973264,80.00070134
689.3,1909.664849,80.00073751
689.4,-4262.878773,80.000841
689.5,3796.455622,80.00123871
689.6,-2970.359529,80.00117602
689.7,-2832.609866,80.0010825
689.8,2325.986567,80.00095691
689.9,2856.22551,80.00060828
690,4582.147593,80.00027258
690.1,2154.602533,80.00007969
690.2,2404.768983,80.00027431
690.3,-3047.709022,80.00066042
690.4,-2845.528376,80.00121989
690.5,-4795.419075,80.00149082
690.6,3391.599231,80.0013709
690.7,2608.269545,80.00050364
690.8,-2813.756055,79.99958375
690.9,-798.0182654,79.99950973
691,-2292.986939,80.00016228
691.1,1768.510647,80.00114318
691.2,3358.452128,80.00152685
691.3,-4495.077757,80.00098408
691.4,1228.139282,80.00030792
691.5,1336.917792,79.99961756
691.6,-422.6753607,79.99941178
691.7,-3904.786556,79.99990031
691.8,2252.345759,80.00088015
691.9,-4824.827253,80.00130594
692,-871.637904,80.00127855
692.1,381.7470443,80.0005696
692.2,-3977.425862,79.99964051
692.3,1403.543626,79.99936899
692.4,-642.2753612,79.99962339
692.5,-4721.995313,80.00034715
692.6,-2575.218718,80.00121492
692.7,-1700.998487,80.00147851
692.8,1318.424328,80.0009335
692.9,-1242.312941,79.99982873
693,446.4026007,79.99909881
693.1,2688.51011,79.99914563
693.2,-4210.589206,79.99981687
693.3,2627.207869,80.00099648
693.4,-4517.35313,80.0014559
693.5,-3154.060612,80.00129612
693.6,-296.6987087,80.00052958
693.7,3384.80303,79.99957206
693.8,-1615.476677,79.99893177
693.9,-1316.502768,79.99933275
694,3537.982217,80.00043092
694.1,2867.125938,80.0012007
694.2,-2214.365861,80.0011753
694.3,3152.973958,80.00064362
694.4,2033.318196,79.99968139
694.5,3978.919722,79.99905982
694.6,3703.762013,79.99909698
694.7,-871.8498358,79.99977336
694.8,-3180.190133,80.00082637
694.9,544.4344206,80.00159275
695,309.3062226,80.00132999
695.1,-1490.316361,80.00027115
695.2,2252.913661,79.99925764
695.3,4719.899641,79.99878966
695.4,-2646.730024,79.99907373
695.5,-3591.516781,80.00027892
695.6,-2622.5373,80.00153761
695.7,3015.602011,80.00190652
695.8,3223.002925,80.00085796
695.9,-989.8447739,79.99917236
696,3678.885209,79.99825163
696.1,1023.703611,79.99845218
696.2,-4613.402076,79.99976672
696.3,2551.310592,80.00151497
696.4,-122.8782046,80.00205429
696.5,4786.014906,80.00120345
696.6,-1447.474336,79.99930767
696.7,2298.84277,79.9980528
696.8,-3349.569299,79.99806269
696.9,3788.78463,79.9996063
697,-1896.723042,80.00116112
697.1,1775.83767,80.00196156
697.2,-3496.28854,80.00122659
697.3,-2121.493005,79.99978202
697.4,4067.068584,79.99854058
697.5,-4778.311588,79.99805094
697.6,917.1444019,79.99912318
697.7,4445.962594,80.00062172
697.8,3293.311185,80.00133555
697.9,681.0920107,80.0008499
698,-2886.576796,79.99964143
698.1,-4696.208653,79.99872361
698.2,821.1707304,79.9987932
698.3,1416.466388,79.99948059
698.4,-3449.414968,80.00028824
698.5,-4317.363286,80.00089274
698.6,-1924.749029,80.00088306
698.7,743.0645617,80.00014737
698.8,-1313.91085,79.99909194
698.9,-2899.663848,79.99858253
699,-4650.290385,79.99903315
699.1,2569.503913,80.00019126
699.2,-4347.726931,80.00085572
699.3,-2246.521929,80.00097386
699.4,2705.940505,80.00032894
699.5,-1257.926536,79.99915415
699.6,-1971.289086,79.99852214
699.7,-1455.662966,79.99888309
699.8,4672.530661,79.99994168
699.9,1222.822529,80.00064006
700,1978.25108,80.00071578
